order_details_id,order_id,pizza_id,quantity,order_date,order_time,unit_price,total_size,pizza_size,pizza_category,pizza_ingredients,pizza_name
499,214,ital_supr_m,1,2015-01-04,13:39:16,17,,M,Supreme,"Calabrese Salami, Capocollo, Tomatoes, Red Onions, Green Olives, Garlic",The Italian Supreme Pizza
501,214,spin_pesto_m,1,2015-01-04,13:39:16,17,,M,Veggie,"Spinach, Artichokes, Tomatoes, Sun-dried Tomatoes, Garlic, Pesto Sauce",The Spinach Pesto Pizza
498,214,ital_cpcllo_l,1,2015-01-04,13:39:16,21,,L,Classic,"Capocollo, Red Peppers, Tomatoes, Goat Cheese, Garlic, Oregano",The Italian Capocollo Pizza
497,213,four_cheese_l,1,2015-01-04,13:20:39,18,,L,Veggie,"Ricotta Cheese, Gorgonzola Piccante Cheese, Mozzarella Cheese, Parmigiano Reggiano Cheese, Garlic",The Four Cheese Pizza
496,212,ital_cpcllo_l,1,2015-01-04,13:16:03,21,,L,Classic,"Capocollo, Red Peppers, Tomatoes, Goat Cheese, Garlic, Oregano",The Italian Capocollo Pizza
495,211,pepperoni_s,1,2015-01-04,12:54:20,10,,S,Classic,"Mozzarella Cheese, Pepperoni",The Pepperoni Pizza
494,210,spinach_fet_s,1,2015-01-04,12:34:13,12,,S,Veggie,"Spinach, Mushrooms, Red Onions, Feta Cheese, Garlic",The Spinach and Feta Pizza
493,209,cali_ckn_l,1,2015-01-04,12:29:17,21,,L,Chicken,"Chicken, Artichoke, Spinach, Garlic, Jalapeno Peppers, Fontina Cheese, Gouda Cheese",The California Chicken Pizza
490,208,ckn_alfredo_m,1,2015-01-04,12:12:05,17,,M,Chicken,"Chicken, Red Onions, Red Peppers, Mushrooms, Asiago Cheese, Alfredo Sauce",The Chicken Alfredo Pizza
491,208,pepperoni_m,1,2015-01-04,12:12:05,13,,M,Classic,"Mozzarella Cheese, Pepperoni",The Pepperoni Pizza
492,208,the_greek_m,1,2015-01-04,12:12:05,16,,M,Classic,"Kalamata Olives, Feta Cheese, Tomatoes, Garlic, Beef Chuck Roast, Red Onions",The Greek Pizza
487,207,spicy_ital_l,1,2015-01-04,12:03:58,21,,L,Supreme,"Capocollo, Tomatoes, Goat Cheese, Artichokes, Peperoncini verdi, Garlic",The Spicy Italian Pizza
484,206,napolitana_m,1,2015-01-04,11:45:10,16,,M,Classic,"Tomatoes, Anchovies, Green Olives, Red Onions, Garlic",The Napolitana Pizza
485,206,pepperoni_s,1,2015-01-04,11:45:10,10,,S,Classic,"Mozzarella Cheese, Pepperoni",The Pepperoni Pizza
486,206,spicy_ital_l,1,2015-01-04,11:45:10,21,,L,Supreme,"Capocollo, Tomatoes, Goat Cheese, Artichokes, Peperoncini verdi, Garlic",The Spicy Italian Pizza
481,205,cali_ckn_s,1,2015-01-04,11:43:54,13,,S,Chicken,"Chicken, Artichoke, Spinach, Garlic, Jalapeno Peppers, Fontina Cheese, Gouda Cheese",The California Chicken Pizza
483,205,prsc_argla_s,1,2015-01-04,11:43:54,13,,S,Supreme,"Prosciutto di San Daniele, Arugula, Mozzarella Cheese",The Prosciutto and Arugula Pizza
482,205,ckn_alfredo_m,1,2015-01-04,11:43:54,17,,M,Chicken,"Chicken, Red Onions, Red Peppers, Mushrooms, Asiago Cheese, Alfredo Sauce",The Chicken Alfredo Pizza
480,204,spicy_ital_l,1,2015-01-04,11:36:25,21,,L,Supreme,"Capocollo, Tomatoes, Goat Cheese, Artichokes, Peperoncini verdi, Garlic",The Spicy Italian Pizza
479,203,the_greek_s,1,2015-01-04,11:30:48,12,,S,Classic,"Kalamata Olives, Feta Cheese, Tomatoes, Garlic, Beef Chuck Roast, Red Onions",The Greek Pizza
476,203,cali_ckn_l,1,2015-01-04,11:30:48,21,,L,Chicken,"Chicken, Artichoke, Spinach, Garlic, Jalapeno Peppers, Fontina Cheese, Gouda Cheese",The California Chicken Pizza
477,203,ital_veggie_m,1,2015-01-04,11:30:48,17,,M,Veggie,"Eggplant, Artichokes, Tomatoes, Zucchini, Red Peppers, Garlic, Pesto Sauce",The Italian Vegetables Pizza
478,203,pep_msh_pep_l,1,2015-01-04,11:30:48,18,,L,Classic,"Pepperoni, Mushrooms, Green Peppers","The Pepperoni, Mushroom, and Peppers Pizza"
475,202,cali_ckn_s,1,2015-01-03,22:50:29,13,,S,Chicken,"Chicken, Artichoke, Spinach, Garlic, Jalapeno Peppers, Fontina Cheese, Gouda Cheese",The California Chicken Pizza
471,201,calabrese_m,1,2015-01-03,22:29:59,16,,M,Supreme,"æ…›duja Salami, Pancetta, Tomatoes, Red Onions, Friggitello Peppers, Garlic",The Calabrese Pizza
474,201,the_greek_xl,1,2015-01-03,22:29:59,26,,XL,Classic,"Kalamata Olives, Feta Cheese, Tomatoes, Garlic, Beef Chuck Roast, Red Onions",The Greek Pizza
473,201,ital_supr_l,1,2015-01-03,22:29:59,21,,L,Supreme,"Calabrese Salami, Capocollo, Tomatoes, Red Onions, Green Olives, Garlic",The Italian Supreme Pizza
472,201,ckn_pesto_l,1,2015-01-03,22:29:59,21,,L,Chicken,"Chicken, Tomatoes, Red Peppers, Spinach, Garlic, Pesto Sauce",The Chicken Pesto Pizza
470,200,the_greek_xl,1,2015-01-03,22:24:05,26,,XL,Classic,"Kalamata Olives, Feta Cheese, Tomatoes, Garlic, Beef Chuck Roast, Red Onions",The Greek Pizza
469,199,ckn_alfredo_m,1,2015-01-03,22:10:38,17,,M,Chicken,"Chicken, Red Onions, Red Peppers, Mushrooms, Asiago Cheese, Alfredo Sauce",The Chicken Alfredo Pizza
467,198,big_meat_s,1,2015-01-03,21:55:42,12,,S,Classic,"Bacon, Pepperoni, Italian Sausage, Chorizo Sausage",The Big Meat Pizza
468,198,ckn_alfredo_l,1,2015-01-03,21:55:42,21,,L,Chicken,"Chicken, Red Onions, Red Peppers, Mushrooms, Asiago Cheese, Alfredo Sauce",The Chicken Alfredo Pizza
464,197,ital_cpcllo_l,1,2015-01-03,21:47:48,21,,L,Classic,"Capocollo, Red Peppers, Tomatoes, Goat Cheese, Garlic, Oregano",The Italian Capocollo Pizza
465,197,ital_veggie_l,1,2015-01-03,21:47:48,21,,L,Veggie,"Eggplant, Artichokes, Tomatoes, Zucchini, Red Peppers, Garlic, Pesto Sauce",The Italian Vegetables Pizza
466,197,soppressata_l,1,2015-01-03,21:47:48,21,,L,Supreme,"Soppressata Salami, Fontina Cheese, Mozzarella Cheese, Mushrooms, Garlic",The Soppressata Pizza
463,197,four_cheese_l,1,2015-01-03,21:47:48,18,,L,Veggie,"Ricotta Cheese, Gorgonzola Piccante Cheese, Mozzarella Cheese, Parmigiano Reggiano Cheese, Garlic",The Four Cheese Pizza
462,196,veggie_veg_m,1,2015-01-03,21:40:14,16,,M,Veggie,"Mushrooms, Tomatoes, Red Peppers, Green Peppers, Red Onions, Zucchini, Spinach, Garlic",The Vegetables + Vegetables Pizza
461,196,spicy_ital_m,1,2015-01-03,21:40:14,17,,M,Supreme,"Capocollo, Tomatoes, Goat Cheese, Artichokes, Peperoncini verdi, Garlic",The Spicy Italian Pizza
460,196,sicilian_s,1,2015-01-03,21:40:14,12,,S,Supreme,"Coarse Sicilian Salami, Tomatoes, Green Olives, Luganega Sausage, Onions, Garlic",The Sicilian Pizza
459,195,bbq_ckn_l,1,2015-01-03,21:25:20,21,,L,Chicken,"Barbecued Chicken, Red Peppers, Green Peppers, Tomatoes, Red Onions, Barbecue Sauce",The Barbecue Chicken Pizza
458,194,bbq_ckn_s,1,2015-01-03,21:21:24,13,,S,Chicken,"Barbecued Chicken, Red Peppers, Green Peppers, Tomatoes, Red Onions, Barbecue Sauce",The Barbecue Chicken Pizza
455,193,big_meat_s,1,2015-01-03,20:55:47,12,,S,Classic,"Bacon, Pepperoni, Italian Sausage, Chorizo Sausage",The Big Meat Pizza
457,193,ckn_alfredo_l,2,2015-01-03,20:55:47,21,,L,Chicken,"Chicken, Red Onions, Red Peppers, Mushrooms, Asiago Cheese, Alfredo Sauce",The Chicken Alfredo Pizza
456,193,cali_ckn_m,1,2015-01-03,20:55:47,17,,M,Chicken,"Chicken, Artichoke, Spinach, Garlic, Jalapeno Peppers, Fontina Cheese, Gouda Cheese",The California Chicken Pizza
453,192,sicilian_s,1,2015-01-03,20:30:08,12,,S,Supreme,"Coarse Sicilian Salami, Tomatoes, Green Olives, Luganega Sausage, Onions, Garlic",The Sicilian Pizza
454,192,southw_ckn_l,1,2015-01-03,20:30:08,21,,L,Chicken,"Chicken, Tomatoes, Red Peppers, Red Onions, Jalapeno Peppers, Corn, Cilantro, Chipotle Sauce",The Southwest Chicken Pizza
451,191,cali_ckn_l,1,2015-01-03,20:24:50,21,,L,Chicken,"Chicken, Artichoke, Spinach, Garlic, Jalapeno Peppers, Fontina Cheese, Gouda Cheese",The California Chicken Pizza
452,191,ckn_alfredo_m,1,2015-01-03,20:24:50,17,,M,Chicken,"Chicken, Red Onions, Red Peppers, Mushrooms, Asiago Cheese, Alfredo Sauce",The Chicken Alfredo Pizza
450,190,prsc_argla_l,1,2015-01-03,20:14:23,21,,L,Supreme,"Prosciutto di San Daniele, Arugula, Mozzarella Cheese",The Prosciutto and Arugula Pizza
448,190,four_cheese_m,1,2015-01-03,20:14:23,15,,M,Veggie,"Ricotta Cheese, Gorgonzola Piccante Cheese, Mozzarella Cheese, Parmigiano Reggiano Cheese, Garlic",The Four Cheese Pizza
447,190,bbq_ckn_l,1,2015-01-03,20:14:23,21,,L,Chicken,"Barbecued Chicken, Red Peppers, Green Peppers, Tomatoes, Red Onions, Barbecue Sauce",The Barbecue Chicken Pizza
449,190,pep_msh_pep_s,1,2015-01-03,20:14:23,11,,S,Classic,"Pepperoni, Mushrooms, Green Peppers","The Pepperoni, Mushroom, and Peppers Pizza"
445,189,big_meat_s,2,2015-01-03,20:12:14,12,,S,Classic,"Bacon, Pepperoni, Italian Sausage, Chorizo Sausage",The Big Meat Pizza
446,189,thai_ckn_s,1,2015-01-03,20:12:14,13,,S,Chicken,"Chicken, Pineapple, Tomatoes, Red Peppers, Thai Sweet Chilli Sauce",The Thai Chicken Pizza
442,188,five_cheese_l,1,2015-01-03,20:08:39,19,,L,Veggie,"Mozzarella Cheese, Provolone Cheese, Smoked Gouda Cheese, Romano Cheese, Blue Cheese, Garlic",The Five Cheese Pizza
444,188,peppr_salami_l,1,2015-01-03,20:08:39,21,,L,Supreme,"Genoa Salami, Capocollo, Pepperoni, Tomatoes, Asiago Cheese, Garlic",The Pepper Salami Pizza
443,188,pepperoni_s,1,2015-01-03,20:08:39,10,,S,Classic,"Mozzarella Cheese, Pepperoni",The Pepperoni Pizza
441,187,spin_pesto_l,1,2015-01-03,19:37:12,21,,L,Veggie,"Spinach, Artichokes, Tomatoes, Sun-dried Tomatoes, Garlic, Pesto Sauce",The Spinach Pesto Pizza
440,187,five_cheese_l,1,2015-01-03,19:37:12,19,,L,Veggie,"Mozzarella Cheese, Provolone Cheese, Smoked Gouda Cheese, Romano Cheese, Blue Cheese, Garlic",The Five Cheese Pizza
436,186,mexicana_l,1,2015-01-03,19:36:00,20,,L,Veggie,"Tomatoes, Red Peppers, Jalapeno Peppers, Red Onions, Cilantro, Corn, Chipotle Sauce, Garlic",The Mexicana Pizza
437,186,southw_ckn_l,1,2015-01-03,19:36:00,21,,L,Chicken,"Chicken, Tomatoes, Red Peppers, Red Onions, Jalapeno Peppers, Corn, Cilantro, Chipotle Sauce",The Southwest Chicken Pizza
438,186,spin_pesto_l,1,2015-01-03,19:36:00,21,,L,Veggie,"Spinach, Artichokes, Tomatoes, Sun-dried Tomatoes, Garlic, Pesto Sauce",The Spinach Pesto Pizza
439,186,thai_ckn_l,1,2015-01-03,19:36:00,21,,L,Chicken,"Chicken, Pineapple, Tomatoes, Red Peppers, Thai Sweet Chilli Sauce",The Thai Chicken Pizza
435,185,spin_pesto_s,1,2015-01-03,19:08:33,13,,S,Veggie,"Spinach, Artichokes, Tomatoes, Sun-dried Tomatoes, Garlic, Pesto Sauce",The Spinach Pesto Pizza
434,185,sicilian_m,1,2015-01-03,19:08:33,16,,M,Supreme,"Coarse Sicilian Salami, Tomatoes, Green Olives, Luganega Sausage, Onions, Garlic",The Sicilian Pizza
433,184,hawaiian_l,1,2015-01-03,18:59:05,17,,L,Classic,"Sliced Ham, Pineapple, Mozzarella Cheese",The Hawaiian Pizza
431,183,spin_pesto_l,1,2015-01-03,18:54:55,21,,L,Veggie,"Spinach, Artichokes, Tomatoes, Sun-dried Tomatoes, Garlic, Pesto Sauce",The Spinach Pesto Pizza
430,183,napolitana_m,1,2015-01-03,18:54:55,16,,M,Classic,"Tomatoes, Anchovies, Green Olives, Red Onions, Garlic",The Napolitana Pizza
432,183,spin_pesto_s,1,2015-01-03,18:54:55,13,,S,Veggie,"Spinach, Artichokes, Tomatoes, Sun-dried Tomatoes, Garlic, Pesto Sauce",The Spinach Pesto Pizza
429,182,peppr_salami_l,1,2015-01-03,18:50:10,21,,L,Supreme,"Genoa Salami, Capocollo, Pepperoni, Tomatoes, Asiago Cheese, Garlic",The Pepper Salami Pizza
428,182,brie_carre_s,1,2015-01-03,18:50:10,24,,S,Supreme,"Brie Carre Cheese, Prosciutto, Caramelized Onions, Pears, Thyme, Garlic",The Brie Carre Pizza
427,181,mexicana_l,1,2015-01-03,18:49:32,20,,L,Veggie,"Tomatoes, Red Peppers, Jalapeno Peppers, Red Onions, Cilantro, Corn, Chipotle Sauce, Garlic",The Mexicana Pizza
426,180,prsc_argla_l,1,2015-01-03,18:33:34,21,,L,Supreme,"Prosciutto di San Daniele, Arugula, Mozzarella Cheese",The Prosciutto and Arugula Pizza
425,180,classic_dlx_l,1,2015-01-03,18:33:34,21,,L,Classic,"Pepperoni, Mushrooms, Red Onions, Red Peppers, Bacon",The Classic Deluxe Pizza
422,179,hawaiian_l,1,2015-01-03,18:20:14,17,,L,Classic,"Sliced Ham, Pineapple, Mozzarella Cheese",The Hawaiian Pizza
424,179,veggie_veg_s,1,2015-01-03,18:20:14,12,,S,Veggie,"Mushrooms, Tomatoes, Red Peppers, Green Peppers, Red Onions, Zucchini, Spinach, Garlic",The Vegetables + Vegetables Pizza
423,179,sicilian_m,1,2015-01-03,18:20:14,16,,M,Supreme,"Coarse Sicilian Salami, Tomatoes, Green Olives, Luganega Sausage, Onions, Garlic",The Sicilian Pizza
421,178,peppr_salami_l,1,2015-01-03,18:15:03,21,,L,Supreme,"Genoa Salami, Capocollo, Pepperoni, Tomatoes, Asiago Cheese, Garlic",The Pepper Salami Pizza
420,177,thai_ckn_l,1,2015-01-03,17:54:36,21,,L,Chicken,"Chicken, Pineapple, Tomatoes, Red Peppers, Thai Sweet Chilli Sauce",The Thai Chicken Pizza
419,177,napolitana_s,1,2015-01-03,17:54:36,12,,S,Classic,"Tomatoes, Anchovies, Green Olives, Red Onions, Garlic",The Napolitana Pizza
418,176,peppr_salami_m,1,2015-01-03,17:51:57,17,,M,Supreme,"Genoa Salami, Capocollo, Pepperoni, Tomatoes, Asiago Cheese, Garlic",The Pepper Salami Pizza
417,176,cali_ckn_l,1,2015-01-03,17:51:57,21,,L,Chicken,"Chicken, Artichoke, Spinach, Garlic, Jalapeno Peppers, Fontina Cheese, Gouda Cheese",The California Chicken Pizza
416,175,ital_supr_l,1,2015-01-03,17:50:51,21,,L,Supreme,"Calabrese Salami, Capocollo, Tomatoes, Red Onions, Green Olives, Garlic",The Italian Supreme Pizza
415,174,ital_cpcllo_m,1,2015-01-03,17:37:49,16,,M,Classic,"Capocollo, Red Peppers, Tomatoes, Goat Cheese, Garlic, Oregano",The Italian Capocollo Pizza
412,174,big_meat_s,1,2015-01-03,17:37:49,12,,S,Classic,"Bacon, Pepperoni, Italian Sausage, Chorizo Sausage",The Big Meat Pizza
414,174,cali_ckn_m,1,2015-01-03,17:37:49,17,,M,Chicken,"Chicken, Artichoke, Spinach, Garlic, Jalapeno Peppers, Fontina Cheese, Gouda Cheese",The California Chicken Pizza
413,174,cali_ckn_l,1,2015-01-03,17:37:49,21,,L,Chicken,"Chicken, Artichoke, Spinach, Garlic, Jalapeno Peppers, Fontina Cheese, Gouda Cheese",The California Chicken Pizza
410,173,classic_dlx_m,1,2015-01-03,17:35:30,16,,M,Classic,"Pepperoni, Mushrooms, Red Onions, Red Peppers, Bacon",The Classic Deluxe Pizza
409,173,cali_ckn_m,1,2015-01-03,17:35:30,17,,M,Chicken,"Chicken, Artichoke, Spinach, Garlic, Jalapeno Peppers, Fontina Cheese, Gouda Cheese",The California Chicken Pizza
411,173,veggie_veg_l,1,2015-01-03,17:35:30,20,,L,Veggie,"Mushrooms, Tomatoes, Red Peppers, Green Peppers, Red Onions, Zucchini, Spinach, Garlic",The Vegetables + Vegetables Pizza
407,172,spinach_supr_m,1,2015-01-03,17:29:24,17,,M,Supreme,"Spinach, Red Onions, Pepperoni, Tomatoes, Artichokes, Kalamata Olives, Garlic, Asiago Cheese",The Spinach Supreme Pizza
408,172,thai_ckn_l,1,2015-01-03,17:29:24,21,,L,Chicken,"Chicken, Pineapple, Tomatoes, Red Peppers, Thai Sweet Chilli Sauce",The Thai Chicken Pizza
406,172,napolitana_s,1,2015-01-03,17:29:24,12,,S,Classic,"Tomatoes, Anchovies, Green Olives, Red Onions, Garlic",The Napolitana Pizza
405,171,napolitana_m,1,2015-01-03,17:23:03,16,,M,Classic,"Tomatoes, Anchovies, Green Olives, Red Onions, Garlic",The Napolitana Pizza
404,170,hawaiian_l,1,2015-01-03,17:21:31,17,,L,Classic,"Sliced Ham, Pineapple, Mozzarella Cheese",The Hawaiian Pizza
401,169,four_cheese_l,1,2015-01-03,17:15:48,18,,L,Veggie,"Ricotta Cheese, Gorgonzola Piccante Cheese, Mozzarella Cheese, Parmigiano Reggiano Cheese, Garlic",The Four Cheese Pizza
402,169,ital_cpcllo_s,1,2015-01-03,17:15:48,12,,S,Classic,"Capocollo, Red Peppers, Tomatoes, Goat Cheese, Garlic, Oregano",The Italian Capocollo Pizza
403,169,sicilian_m,1,2015-01-03,17:15:48,16,,M,Supreme,"Coarse Sicilian Salami, Tomatoes, Green Olives, Luganega Sausage, Onions, Garlic",The Sicilian Pizza
399,168,big_meat_s,1,2015-01-03,17:02:27,12,,S,Classic,"Bacon, Pepperoni, Italian Sausage, Chorizo Sausage",The Big Meat Pizza
400,168,veggie_veg_m,1,2015-01-03,17:02:27,16,,M,Veggie,"Mushrooms, Tomatoes, Red Peppers, Green Peppers, Red Onions, Zucchini, Spinach, Garlic",The Vegetables + Vegetables Pizza
398,167,pepperoni_m,1,2015-01-03,17:00:49,13,,M,Classic,"Mozzarella Cheese, Pepperoni",The Pepperoni Pizza
397,167,ital_supr_m,1,2015-01-03,17:00:49,17,,M,Supreme,"Calabrese Salami, Capocollo, Tomatoes, Red Onions, Green Olives, Garlic",The Italian Supreme Pizza
396,167,bbq_ckn_l,1,2015-01-03,17:00:49,21,,L,Chicken,"Barbecued Chicken, Red Peppers, Green Peppers, Tomatoes, Red Onions, Barbecue Sauce",The Barbecue Chicken Pizza
395,166,prsc_argla_s,1,2015-01-03,16:58:51,13,,S,Supreme,"Prosciutto di San Daniele, Arugula, Mozzarella Cheese",The Prosciutto and Arugula Pizza
394,165,prsc_argla_m,1,2015-01-03,16:57:37,17,,M,Supreme,"Prosciutto di San Daniele, Arugula, Mozzarella Cheese",The Prosciutto and Arugula Pizza
392,164,cali_ckn_l,1,2015-01-03,16:56:33,21,,L,Chicken,"Chicken, Artichoke, Spinach, Garlic, Jalapeno Peppers, Fontina Cheese, Gouda Cheese",The California Chicken Pizza
393,164,pepperoni_m,1,2015-01-03,16:56:33,13,,M,Classic,"Mozzarella Cheese, Pepperoni",The Pepperoni Pizza
390,163,pepperoni_l,1,2015-01-03,16:54:54,15,,L,Classic,"Mozzarella Cheese, Pepperoni",The Pepperoni Pizza
389,163,hawaiian_m,1,2015-01-03,16:54:54,13,,M,Classic,"Sliced Ham, Pineapple, Mozzarella Cheese",The Hawaiian Pizza
391,163,the_greek_m,1,2015-01-03,16:54:54,16,,M,Classic,"Kalamata Olives, Feta Cheese, Tomatoes, Garlic, Beef Chuck Roast, Red Onions",The Greek Pizza
388,162,big_meat_s,1,2015-01-03,16:51:22,12,,S,Classic,"Bacon, Pepperoni, Italian Sausage, Chorizo Sausage",The Big Meat Pizza
387,161,the_greek_xl,1,2015-01-03,16:43:46,26,,XL,Classic,"Kalamata Olives, Feta Cheese, Tomatoes, Garlic, Beef Chuck Roast, Red Onions",The Greek Pizza
386,161,spicy_ital_m,1,2015-01-03,16:43:46,17,,M,Supreme,"Capocollo, Tomatoes, Goat Cheese, Artichokes, Peperoncini verdi, Garlic",The Spicy Italian Pizza
385,161,hawaiian_s,1,2015-01-03,16:43:46,11,,S,Classic,"Sliced Ham, Pineapple, Mozzarella Cheese",The Hawaiian Pizza
384,160,classic_dlx_m,1,2015-01-03,16:35:33,16,,M,Classic,"Pepperoni, Mushrooms, Red Onions, Red Peppers, Bacon",The Classic Deluxe Pizza
382,159,four_cheese_l,1,2015-01-03,15:59:22,18,,L,Veggie,"Ricotta Cheese, Gorgonzola Piccante Cheese, Mozzarella Cheese, Parmigiano Reggiano Cheese, Garlic",The Four Cheese Pizza
383,159,thai_ckn_m,1,2015-01-03,15:59:22,17,,M,Chicken,"Chicken, Pineapple, Tomatoes, Red Peppers, Thai Sweet Chilli Sauce",The Thai Chicken Pizza
380,158,ital_veggie_m,1,2015-01-03,15:54:30,17,,M,Veggie,"Eggplant, Artichokes, Tomatoes, Zucchini, Red Peppers, Garlic, Pesto Sauce",The Italian Vegetables Pizza
381,158,thai_ckn_m,1,2015-01-03,15:54:30,17,,M,Chicken,"Chicken, Pineapple, Tomatoes, Red Peppers, Thai Sweet Chilli Sauce",The Thai Chicken Pizza
377,157,mediterraneo_m,1,2015-01-03,15:43:03,16,,M,Veggie,"Spinach, Artichokes, Kalamata Olives, Sun-dried Tomatoes, Feta Cheese, Plum Tomatoes, Red Onions",The Mediterranean Pizza
378,157,sicilian_m,1,2015-01-03,15:43:03,16,,M,Supreme,"Coarse Sicilian Salami, Tomatoes, Green Olives, Luganega Sausage, Onions, Garlic",The Sicilian Pizza
376,157,ital_supr_l,1,2015-01-03,15:43:03,21,,L,Supreme,"Calabrese Salami, Capocollo, Tomatoes, Red Onions, Green Olives, Garlic",The Italian Supreme Pizza
379,157,spin_pesto_m,1,2015-01-03,15:43:03,17,,M,Veggie,"Spinach, Artichokes, Tomatoes, Sun-dried Tomatoes, Garlic, Pesto Sauce",The Spinach Pesto Pizza
375,156,thai_ckn_l,1,2015-01-03,15:42:19,21,,L,Chicken,"Chicken, Pineapple, Tomatoes, Red Peppers, Thai Sweet Chilli Sauce",The Thai Chicken Pizza
374,156,napolitana_m,1,2015-01-03,15:42:19,16,,M,Classic,"Tomatoes, Anchovies, Green Olives, Red Onions, Garlic",The Napolitana Pizza
370,155,ckn_pesto_s,1,2015-01-03,15:28:59,13,,S,Chicken,"Chicken, Tomatoes, Red Peppers, Spinach, Garlic, Pesto Sauce",The Chicken Pesto Pizza
371,155,napolitana_l,1,2015-01-03,15:28:59,21,,L,Classic,"Tomatoes, Anchovies, Green Olives, Red Onions, Garlic",The Napolitana Pizza
373,155,peppr_salami_l,1,2015-01-03,15:28:59,21,,L,Supreme,"Genoa Salami, Capocollo, Pepperoni, Tomatoes, Asiago Cheese, Garlic",The Pepper Salami Pizza
372,155,pepperoni_l,1,2015-01-03,15:28:59,15,,L,Classic,"Mozzarella Cheese, Pepperoni",The Pepperoni Pizza
369,154,prsc_argla_s,1,2015-01-03,15:22:43,13,,S,Supreme,"Prosciutto di San Daniele, Arugula, Mozzarella Cheese",The Prosciutto and Arugula Pizza
368,153,mexicana_m,1,2015-01-03,15:16:34,16,,M,Veggie,"Tomatoes, Red Peppers, Jalapeno Peppers, Red Onions, Cilantro, Corn, Chipotle Sauce, Garlic",The Mexicana Pizza
366,152,thai_ckn_s,1,2015-01-03,15:09:42,13,,S,Chicken,"Chicken, Pineapple, Tomatoes, Red Peppers, Thai Sweet Chilli Sauce",The Thai Chicken Pizza
365,152,spinach_fet_l,1,2015-01-03,15:09:42,20,,L,Veggie,"Spinach, Mushrooms, Red Onions, Feta Cheese, Garlic",The Spinach and Feta Pizza
367,152,the_greek_m,1,2015-01-03,15:09:42,16,,M,Classic,"Kalamata Olives, Feta Cheese, Tomatoes, Garlic, Beef Chuck Roast, Red Onions",The Greek Pizza
364,152,hawaiian_s,1,2015-01-03,15:09:42,11,,S,Classic,"Sliced Ham, Pineapple, Mozzarella Cheese",The Hawaiian Pizza
363,151,spinach_supr_s,1,2015-01-03,15:09:34,13,,S,Supreme,"Spinach, Red Onions, Pepperoni, Tomatoes, Artichokes, Kalamata Olives, Garlic, Asiago Cheese",The Spinach Supreme Pizza
362,151,southw_ckn_l,1,2015-01-03,15:09:34,21,,L,Chicken,"Chicken, Tomatoes, Red Peppers, Red Onions, Jalapeno Peppers, Corn, Cilantro, Chipotle Sauce",The Southwest Chicken Pizza
361,150,pepperoni_m,1,2015-01-03,14:49:58,13,,M,Classic,"Mozzarella Cheese, Pepperoni",The Pepperoni Pizza
360,149,spinach_fet_m,1,2015-01-03,14:48:45,16,,M,Veggie,"Spinach, Mushrooms, Red Onions, Feta Cheese, Garlic",The Spinach and Feta Pizza
359,148,mediterraneo_s,1,2015-01-03,14:40:42,12,,S,Veggie,"Spinach, Artichokes, Kalamata Olives, Sun-dried Tomatoes, Feta Cheese, Plum Tomatoes, Red Onions",The Mediterranean Pizza
358,147,the_greek_xl,1,2015-01-03,14:32:51,26,,XL,Classic,"Kalamata Olives, Feta Cheese, Tomatoes, Garlic, Beef Chuck Roast, Red Onions",The Greek Pizza
356,146,four_cheese_m,1,2015-01-03,14:22:10,15,,M,Veggie,"Ricotta Cheese, Gorgonzola Piccante Cheese, Mozzarella Cheese, Parmigiano Reggiano Cheese, Garlic",The Four Cheese Pizza
357,146,hawaiian_m,1,2015-01-03,14:22:10,13,,M,Classic,"Sliced Ham, Pineapple, Mozzarella Cheese",The Hawaiian Pizza
355,146,cali_ckn_l,1,2015-01-03,14:22:10,21,,L,Chicken,"Chicken, Artichoke, Spinach, Garlic, Jalapeno Peppers, Fontina Cheese, Gouda Cheese",The California Chicken Pizza
354,145,the_greek_s,1,2015-01-03,13:53:48,12,,S,Classic,"Kalamata Olives, Feta Cheese, Tomatoes, Garlic, Beef Chuck Roast, Red Onions",The Greek Pizza
352,144,thai_ckn_m,1,2015-01-03,13:44:28,17,,M,Chicken,"Chicken, Pineapple, Tomatoes, Red Peppers, Thai Sweet Chilli Sauce",The Thai Chicken Pizza
348,144,pep_msh_pep_s,1,2015-01-03,13:44:28,11,,S,Classic,"Pepperoni, Mushrooms, Green Peppers","The Pepperoni, Mushroom, and Peppers Pizza"
351,144,spicy_ital_l,1,2015-01-03,13:44:28,21,,L,Supreme,"Capocollo, Tomatoes, Goat Cheese, Artichokes, Peperoncini verdi, Garlic",The Spicy Italian Pizza
344,144,cali_ckn_l,1,2015-01-03,13:44:28,21,,L,Chicken,"Chicken, Artichoke, Spinach, Garlic, Jalapeno Peppers, Fontina Cheese, Gouda Cheese",The California Chicken Pizza
349,144,southw_ckn_l,1,2015-01-03,13:44:28,21,,L,Chicken,"Chicken, Tomatoes, Red Peppers, Red Onions, Jalapeno Peppers, Corn, Cilantro, Chipotle Sauce",The Southwest Chicken Pizza
347,144,four_cheese_l,1,2015-01-03,13:44:28,18,,L,Veggie,"Ricotta Cheese, Gorgonzola Piccante Cheese, Mozzarella Cheese, Parmigiano Reggiano Cheese, Garlic",The Four Cheese Pizza
346,144,five_cheese_l,1,2015-01-03,13:44:28,19,,L,Veggie,"Mozzarella Cheese, Provolone Cheese, Smoked Gouda Cheese, Romano Cheese, Blue Cheese, Garlic",The Five Cheese Pizza
345,144,ckn_pesto_m,1,2015-01-03,13:44:28,17,,M,Chicken,"Chicken, Tomatoes, Red Peppers, Spinach, Garlic, Pesto Sauce",The Chicken Pesto Pizza
343,144,big_meat_s,1,2015-01-03,13:44:28,12,,S,Classic,"Bacon, Pepperoni, Italian Sausage, Chorizo Sausage",The Big Meat Pizza
350,144,southw_ckn_s,1,2015-01-03,13:44:28,13,,S,Chicken,"Chicken, Tomatoes, Red Peppers, Red Onions, Jalapeno Peppers, Corn, Cilantro, Chipotle Sauce",The Southwest Chicken Pizza
353,144,veggie_veg_l,1,2015-01-03,13:44:28,20,,L,Veggie,"Mushrooms, Tomatoes, Red Peppers, Green Peppers, Red Onions, Zucchini, Spinach, Garlic",The Vegetables + Vegetables Pizza
342,144,bbq_ckn_m,3,2015-01-03,13:44:28,17,,M,Chicken,"Barbecued Chicken, Red Peppers, Green Peppers, Tomatoes, Red Onions, Barbecue Sauce",The Barbecue Chicken Pizza
338,143,pepperoni_l,1,2015-01-03,13:41:36,15,,L,Classic,"Mozzarella Cheese, Pepperoni",The Pepperoni Pizza
334,143,cali_ckn_s,1,2015-01-03,13:41:36,13,,S,Chicken,"Chicken, Artichoke, Spinach, Garlic, Jalapeno Peppers, Fontina Cheese, Gouda Cheese",The California Chicken Pizza
341,143,veggie_veg_m,1,2015-01-03,13:41:36,16,,M,Veggie,"Mushrooms, Tomatoes, Red Peppers, Green Peppers, Red Onions, Zucchini, Spinach, Garlic",The Vegetables + Vegetables Pizza
335,143,classic_dlx_s,1,2015-01-03,13:41:36,12,,S,Classic,"Pepperoni, Mushrooms, Red Onions, Red Peppers, Bacon",The Classic Deluxe Pizza
336,143,hawaiian_l,1,2015-01-03,13:41:36,17,,L,Classic,"Sliced Ham, Pineapple, Mozzarella Cheese",The Hawaiian Pizza
340,143,thai_ckn_l,1,2015-01-03,13:41:36,21,,L,Chicken,"Chicken, Pineapple, Tomatoes, Red Peppers, Thai Sweet Chilli Sauce",The Thai Chicken Pizza
339,143,prsc_argla_s,1,2015-01-03,13:41:36,13,,S,Supreme,"Prosciutto di San Daniele, Arugula, Mozzarella Cheese",The Prosciutto and Arugula Pizza
337,143,mexicana_m,1,2015-01-03,13:41:36,16,,M,Veggie,"Tomatoes, Red Peppers, Jalapeno Peppers, Red Onions, Cilantro, Corn, Chipotle Sauce, Garlic",The Mexicana Pizza
333,142,green_garden_m,1,2015-01-03,13:33:59,16,,M,Veggie,"Spinach, Mushrooms, Tomatoes, Green Olives, Feta Cheese",The Green Garden Pizza
332,141,classic_dlx_m,1,2015-01-03,13:16:01,16,,M,Classic,"Pepperoni, Mushrooms, Red Onions, Red Peppers, Bacon",The Classic Deluxe Pizza
330,140,prsc_argla_s,1,2015-01-03,12:26:44,13,,S,Supreme,"Prosciutto di San Daniele, Arugula, Mozzarella Cheese",The Prosciutto and Arugula Pizza
331,140,veggie_veg_m,1,2015-01-03,12:26:44,16,,M,Veggie,"Mushrooms, Tomatoes, Red Peppers, Green Peppers, Red Onions, Zucchini, Spinach, Garlic",The Vegetables + Vegetables Pizza
329,139,five_cheese_l,1,2015-01-03,11:57:39,19,,L,Veggie,"Mozzarella Cheese, Provolone Cheese, Smoked Gouda Cheese, Romano Cheese, Blue Cheese, Garlic",The Five Cheese Pizza
328,138,sicilian_m,1,2015-01-03,11:44:50,16,,M,Supreme,"Coarse Sicilian Salami, Tomatoes, Green Olives, Luganega Sausage, Onions, Garlic",The Sicilian Pizza
327,138,ital_veggie_l,1,2015-01-03,11:44:50,21,,L,Veggie,"Eggplant, Artichokes, Tomatoes, Zucchini, Red Peppers, Garlic, Pesto Sauce",The Italian Vegetables Pizza
326,138,four_cheese_l,1,2015-01-03,11:44:50,18,,L,Veggie,"Ricotta Cheese, Gorgonzola Piccante Cheese, Mozzarella Cheese, Parmigiano Reggiano Cheese, Garlic",The Four Cheese Pizza
325,138,cali_ckn_m,1,2015-01-03,11:44:50,17,,M,Chicken,"Chicken, Artichoke, Spinach, Garlic, Jalapeno Peppers, Fontina Cheese, Gouda Cheese",The California Chicken Pizza
322,137,mediterraneo_l,1,2015-01-03,11:34:10,20,,L,Veggie,"Spinach, Artichokes, Kalamata Olives, Sun-dried Tomatoes, Feta Cheese, Plum Tomatoes, Red Onions",The Mediterranean Pizza
324,137,spicy_ital_m,1,2015-01-03,11:34:10,17,,M,Supreme,"Capocollo, Tomatoes, Goat Cheese, Artichokes, Peperoncini verdi, Garlic",The Spicy Italian Pizza
323,137,pepperoni_s,1,2015-01-03,11:34:10,10,,S,Classic,"Mozzarella Cheese, Pepperoni",The Pepperoni Pizza
321,136,peppr_salami_s,1,2015-01-02,22:32:49,13,,S,Supreme,"Genoa Salami, Capocollo, Pepperoni, Tomatoes, Asiago Cheese, Garlic",The Pepper Salami Pizza
320,136,five_cheese_l,1,2015-01-02,22:32:49,19,,L,Veggie,"Mozzarella Cheese, Provolone Cheese, Smoked Gouda Cheese, Romano Cheese, Blue Cheese, Garlic",The Five Cheese Pizza
319,135,veggie_veg_l,1,2015-01-02,22:29:34,20,,L,Veggie,"Mushrooms, Tomatoes, Red Peppers, Green Peppers, Red Onions, Zucchini, Spinach, Garlic",The Vegetables + Vegetables Pizza
316,134,big_meat_s,1,2015-01-02,22:13:24,12,,S,Classic,"Bacon, Pepperoni, Italian Sausage, Chorizo Sausage",The Big Meat Pizza
318,134,spinach_supr_s,1,2015-01-02,22:13:24,13,,S,Supreme,"Spinach, Red Onions, Pepperoni, Tomatoes, Artichokes, Kalamata Olives, Garlic, Asiago Cheese",The Spinach Supreme Pizza
317,134,southw_ckn_l,1,2015-01-02,22:13:24,21,,L,Chicken,"Chicken, Tomatoes, Red Peppers, Red Onions, Jalapeno Peppers, Corn, Cilantro, Chipotle Sauce",The Southwest Chicken Pizza
313,133,bbq_ckn_l,1,2015-01-02,22:00:17,21,,L,Chicken,"Barbecued Chicken, Red Peppers, Green Peppers, Tomatoes, Red Onions, Barbecue Sauce",The Barbecue Chicken Pizza
315,133,the_greek_s,1,2015-01-02,22:00:17,12,,S,Classic,"Kalamata Olives, Feta Cheese, Tomatoes, Garlic, Beef Chuck Roast, Red Onions",The Greek Pizza
314,133,hawaiian_l,1,2015-01-02,22:00:17,17,,L,Classic,"Sliced Ham, Pineapple, Mozzarella Cheese",The Hawaiian Pizza
312,132,pepperoni_s,1,2015-01-02,21:42:45,10,,S,Classic,"Mozzarella Cheese, Pepperoni",The Pepperoni Pizza
311,131,spinach_supr_s,1,2015-01-02,21:33:10,13,,S,Supreme,"Spinach, Red Onions, Pepperoni, Tomatoes, Artichokes, Kalamata Olives, Garlic, Asiago Cheese",The Spinach Supreme Pizza
308,131,ckn_pesto_l,1,2015-01-02,21:33:10,21,,L,Chicken,"Chicken, Tomatoes, Red Peppers, Spinach, Garlic, Pesto Sauce",The Chicken Pesto Pizza
310,131,green_garden_s,1,2015-01-02,21:33:10,12,,S,Veggie,"Spinach, Mushrooms, Tomatoes, Green Olives, Feta Cheese",The Green Garden Pizza
309,131,five_cheese_l,1,2015-01-02,21:33:10,19,,L,Veggie,"Mozzarella Cheese, Provolone Cheese, Smoked Gouda Cheese, Romano Cheese, Blue Cheese, Garlic",The Five Cheese Pizza
304,130,hawaiian_s,1,2015-01-02,21:14:55,11,,S,Classic,"Sliced Ham, Pineapple, Mozzarella Cheese",The Hawaiian Pizza
305,130,ital_cpcllo_l,1,2015-01-02,21:14:55,21,,L,Classic,"Capocollo, Red Peppers, Tomatoes, Goat Cheese, Garlic, Oregano",The Italian Capocollo Pizza
306,130,mexicana_m,1,2015-01-02,21:14:55,16,,M,Veggie,"Tomatoes, Red Peppers, Jalapeno Peppers, Red Onions, Cilantro, Corn, Chipotle Sauce, Garlic",The Mexicana Pizza
307,130,southw_ckn_s,1,2015-01-02,21:14:55,13,,S,Chicken,"Chicken, Tomatoes, Red Peppers, Red Onions, Jalapeno Peppers, Corn, Cilantro, Chipotle Sauce",The Southwest Chicken Pizza
303,129,the_greek_m,1,2015-01-02,21:13:02,16,,M,Classic,"Kalamata Olives, Feta Cheese, Tomatoes, Garlic, Beef Chuck Roast, Red Onions",The Greek Pizza
302,129,big_meat_s,1,2015-01-02,21:13:02,12,,S,Classic,"Bacon, Pepperoni, Italian Sausage, Chorizo Sausage",The Big Meat Pizza
301,128,spicy_ital_s,1,2015-01-02,21:05:06,13,,S,Supreme,"Capocollo, Tomatoes, Goat Cheese, Artichokes, Peperoncini verdi, Garlic",The Spicy Italian Pizza
300,127,pepperoni_m,1,2015-01-02,20:58:23,13,,M,Classic,"Mozzarella Cheese, Pepperoni",The Pepperoni Pizza
299,126,veggie_veg_l,1,2015-01-02,20:53:42,20,,L,Veggie,"Mushrooms, Tomatoes, Red Peppers, Green Peppers, Red Onions, Zucchini, Spinach, Garlic",The Vegetables + Vegetables Pizza
298,125,the_greek_xl,1,2015-01-02,20:31:06,26,,XL,Classic,"Kalamata Olives, Feta Cheese, Tomatoes, Garlic, Beef Chuck Roast, Red Onions",The Greek Pizza
296,124,spicy_ital_l,1,2015-01-02,20:12:34,21,,L,Supreme,"Capocollo, Tomatoes, Goat Cheese, Artichokes, Peperoncini verdi, Garlic",The Spicy Italian Pizza
295,124,sicilian_l,1,2015-01-02,20:12:34,20,,L,Supreme,"Coarse Sicilian Salami, Tomatoes, Green Olives, Luganega Sausage, Onions, Garlic",The Sicilian Pizza
294,124,bbq_ckn_s,1,2015-01-02,20:12:34,13,,S,Chicken,"Barbecued Chicken, Red Peppers, Green Peppers, Tomatoes, Red Onions, Barbecue Sauce",The Barbecue Chicken Pizza
297,124,the_greek_s,1,2015-01-02,20:12:34,12,,S,Classic,"Kalamata Olives, Feta Cheese, Tomatoes, Garlic, Beef Chuck Roast, Red Onions",The Greek Pizza
293,123,ital_cpcllo_s,1,2015-01-02,20:12:09,12,,S,Classic,"Capocollo, Red Peppers, Tomatoes, Goat Cheese, Garlic, Oregano",The Italian Capocollo Pizza
292,122,ital_supr_m,1,2015-01-02,19:50:19,17,,M,Supreme,"Calabrese Salami, Capocollo, Tomatoes, Red Onions, Green Olives, Garlic",The Italian Supreme Pizza
289,121,four_cheese_l,1,2015-01-02,19:38:48,18,,L,Veggie,"Ricotta Cheese, Gorgonzola Piccante Cheese, Mozzarella Cheese, Parmigiano Reggiano Cheese, Garlic",The Four Cheese Pizza
291,121,southw_ckn_l,1,2015-01-02,19:38:48,21,,L,Chicken,"Chicken, Tomatoes, Red Peppers, Red Onions, Jalapeno Peppers, Corn, Cilantro, Chipotle Sauce",The Southwest Chicken Pizza
290,121,sicilian_l,1,2015-01-02,19:38:48,20,,L,Supreme,"Coarse Sicilian Salami, Tomatoes, Green Olives, Luganega Sausage, Onions, Garlic",The Sicilian Pizza
288,121,bbq_ckn_m,1,2015-01-02,19:38:48,17,,M,Chicken,"Barbecued Chicken, Red Peppers, Green Peppers, Tomatoes, Red Onions, Barbecue Sauce",The Barbecue Chicken Pizza
286,120,hawaiian_s,1,2015-01-02,19:35:07,11,,S,Classic,"Sliced Ham, Pineapple, Mozzarella Cheese",The Hawaiian Pizza
287,120,spinach_fet_l,1,2015-01-02,19:35:07,20,,L,Veggie,"Spinach, Mushrooms, Red Onions, Feta Cheese, Garlic",The Spinach and Feta Pizza
285,120,classic_dlx_s,1,2015-01-02,19:35:07,12,,S,Classic,"Pepperoni, Mushrooms, Red Onions, Red Peppers, Bacon",The Classic Deluxe Pizza
284,119,four_cheese_m,1,2015-01-02,19:32:29,15,,M,Veggie,"Ricotta Cheese, Gorgonzola Piccante Cheese, Mozzarella Cheese, Parmigiano Reggiano Cheese, Garlic",The Four Cheese Pizza
282,118,prsc_argla_l,1,2015-01-02,19:26:59,21,,L,Supreme,"Prosciutto di San Daniele, Arugula, Mozzarella Cheese",The Prosciutto and Arugula Pizza
283,118,spinach_fet_s,1,2015-01-02,19:26:59,12,,S,Veggie,"Spinach, Mushrooms, Red Onions, Feta Cheese, Garlic",The Spinach and Feta Pizza
280,117,peppr_salami_m,1,2015-01-02,19:23:02,17,,M,Supreme,"Genoa Salami, Capocollo, Pepperoni, Tomatoes, Asiago Cheese, Garlic",The Pepper Salami Pizza
281,117,sicilian_l,1,2015-01-02,19:23:02,20,,L,Supreme,"Coarse Sicilian Salami, Tomatoes, Green Olives, Luganega Sausage, Onions, Garlic",The Sicilian Pizza
279,116,five_cheese_l,1,2015-01-02,19:18:49,19,,L,Veggie,"Mozzarella Cheese, Provolone Cheese, Smoked Gouda Cheese, Romano Cheese, Blue Cheese, Garlic",The Five Cheese Pizza
276,115,big_meat_s,1,2015-01-02,19:05:17,12,,S,Classic,"Bacon, Pepperoni, Italian Sausage, Chorizo Sausage",The Big Meat Pizza
278,115,thai_ckn_m,1,2015-01-02,19:05:17,17,,M,Chicken,"Chicken, Pineapple, Tomatoes, Red Peppers, Thai Sweet Chilli Sauce",The Thai Chicken Pizza
277,115,napolitana_l,1,2015-01-02,19:05:17,21,,L,Classic,"Tomatoes, Anchovies, Green Olives, Red Onions, Garlic",The Napolitana Pizza
275,114,sicilian_s,1,2015-01-02,18:59:32,12,,S,Supreme,"Coarse Sicilian Salami, Tomatoes, Green Olives, Luganega Sausage, Onions, Garlic",The Sicilian Pizza
274,114,pepperoni_l,1,2015-01-02,18:59:32,15,,L,Classic,"Mozzarella Cheese, Pepperoni",The Pepperoni Pizza
271,113,cali_ckn_l,1,2015-01-02,18:50:21,21,,L,Chicken,"Chicken, Artichoke, Spinach, Garlic, Jalapeno Peppers, Fontina Cheese, Gouda Cheese",The California Chicken Pizza
273,113,southw_ckn_m,1,2015-01-02,18:50:21,17,,M,Chicken,"Chicken, Tomatoes, Red Peppers, Red Onions, Jalapeno Peppers, Corn, Cilantro, Chipotle Sauce",The Southwest Chicken Pizza
272,113,mexicana_l,1,2015-01-02,18:50:21,20,,L,Veggie,"Tomatoes, Red Peppers, Jalapeno Peppers, Red Onions, Cilantro, Corn, Chipotle Sauce, Garlic",The Mexicana Pizza
270,112,pepperoni_s,1,2015-01-02,18:41:40,10,,S,Classic,"Mozzarella Cheese, Pepperoni",The Pepperoni Pizza
266,111,cali_ckn_m,1,2015-01-02,18:38:01,17,,M,Chicken,"Chicken, Artichoke, Spinach, Garlic, Jalapeno Peppers, Fontina Cheese, Gouda Cheese",The California Chicken Pizza
269,111,spin_pesto_l,1,2015-01-02,18:38:01,21,,L,Veggie,"Spinach, Artichokes, Tomatoes, Sun-dried Tomatoes, Garlic, Pesto Sauce",The Spinach Pesto Pizza
267,111,five_cheese_l,1,2015-01-02,18:38:01,19,,L,Veggie,"Mozzarella Cheese, Provolone Cheese, Smoked Gouda Cheese, Romano Cheese, Blue Cheese, Garlic",The Five Cheese Pizza
268,111,pepperoni_m,1,2015-01-02,18:38:01,13,,M,Classic,"Mozzarella Cheese, Pepperoni",The Pepperoni Pizza
263,110,napolitana_l,1,2015-01-02,18:36:19,21,,L,Classic,"Tomatoes, Anchovies, Green Olives, Red Onions, Garlic",The Napolitana Pizza
265,110,spicy_ital_s,1,2015-01-02,18:36:19,13,,S,Supreme,"Capocollo, Tomatoes, Goat Cheese, Artichokes, Peperoncini verdi, Garlic",The Spicy Italian Pizza
264,110,soppressata_l,1,2015-01-02,18:36:19,21,,L,Supreme,"Soppressata Salami, Fontina Cheese, Mozzarella Cheese, Mushrooms, Garlic",The Soppressata Pizza
262,110,big_meat_s,1,2015-01-02,18:36:19,12,,S,Classic,"Bacon, Pepperoni, Italian Sausage, Chorizo Sausage",The Big Meat Pizza
260,109,pepperoni_m,1,2015-01-02,18:27:50,13,,M,Classic,"Mozzarella Cheese, Pepperoni",The Pepperoni Pizza
258,109,ital_cpcllo_l,1,2015-01-02,18:27:50,21,,L,Classic,"Capocollo, Red Peppers, Tomatoes, Goat Cheese, Garlic, Oregano",The Italian Capocollo Pizza
261,109,prsc_argla_l,1,2015-01-02,18:27:50,21,,L,Supreme,"Prosciutto di San Daniele, Arugula, Mozzarella Cheese",The Prosciutto and Arugula Pizza
259,109,ital_supr_l,1,2015-01-02,18:27:50,21,,L,Supreme,"Calabrese Salami, Capocollo, Tomatoes, Red Onions, Green Olives, Garlic",The Italian Supreme Pizza
256,108,hawaiian_l,1,2015-01-02,18:25:25,17,,L,Classic,"Sliced Ham, Pineapple, Mozzarella Cheese",The Hawaiian Pizza
257,108,spinach_supr_l,1,2015-01-02,18:25:25,21,,L,Supreme,"Spinach, Red Onions, Pepperoni, Tomatoes, Artichokes, Kalamata Olives, Garlic, Asiago Cheese",The Spinach Supreme Pizza
255,108,classic_dlx_l,1,2015-01-02,18:25:25,21,,L,Classic,"Pepperoni, Mushrooms, Red Onions, Red Peppers, Bacon",The Classic Deluxe Pizza
253,107,spicy_ital_l,1,2015-01-02,18:25:09,21,,L,Supreme,"Capocollo, Tomatoes, Goat Cheese, Artichokes, Peperoncini verdi, Garlic",The Spicy Italian Pizza
252,107,ital_supr_m,1,2015-01-02,18:25:09,17,,M,Supreme,"Calabrese Salami, Capocollo, Tomatoes, Red Onions, Green Olives, Garlic",The Italian Supreme Pizza
251,107,cali_ckn_l,1,2015-01-02,18:25:09,21,,L,Chicken,"Chicken, Artichoke, Spinach, Garlic, Jalapeno Peppers, Fontina Cheese, Gouda Cheese",The California Chicken Pizza
254,107,veggie_veg_l,1,2015-01-02,18:25:09,20,,L,Veggie,"Mushrooms, Tomatoes, Red Peppers, Green Peppers, Red Onions, Zucchini, Spinach, Garlic",The Vegetables + Vegetables Pizza
250,106,spicy_ital_l,1,2015-01-02,18:12:13,21,,L,Supreme,"Capocollo, Tomatoes, Goat Cheese, Artichokes, Peperoncini verdi, Garlic",The Spicy Italian Pizza
249,106,mexicana_l,1,2015-01-02,18:12:13,20,,L,Veggie,"Tomatoes, Red Peppers, Jalapeno Peppers, Red Onions, Cilantro, Corn, Chipotle Sauce, Garlic",The Mexicana Pizza
248,105,prsc_argla_m,1,2015-01-02,18:12:01,17,,M,Supreme,"Prosciutto di San Daniele, Arugula, Mozzarella Cheese",The Prosciutto and Arugula Pizza
246,105,hawaiian_s,2,2015-01-02,18:12:01,11,,S,Classic,"Sliced Ham, Pineapple, Mozzarella Cheese",The Hawaiian Pizza
247,105,pepperoni_l,1,2015-01-02,18:12:01,15,,L,Classic,"Mozzarella Cheese, Pepperoni",The Pepperoni Pizza
243,104,ckn_alfredo_m,1,2015-01-02,18:02:12,17,,M,Chicken,"Chicken, Red Onions, Red Peppers, Mushrooms, Asiago Cheese, Alfredo Sauce",The Chicken Alfredo Pizza
245,104,veggie_veg_l,1,2015-01-02,18:02:12,20,,L,Veggie,"Mushrooms, Tomatoes, Red Peppers, Green Peppers, Red Onions, Zucchini, Spinach, Garlic",The Vegetables + Vegetables Pizza
242,104,bbq_ckn_m,1,2015-01-02,18:02:12,17,,M,Chicken,"Barbecued Chicken, Red Peppers, Green Peppers, Tomatoes, Red Onions, Barbecue Sauce",The Barbecue Chicken Pizza
244,104,ital_veggie_m,1,2015-01-02,18:02:12,17,,M,Veggie,"Eggplant, Artichokes, Tomatoes, Zucchini, Red Peppers, Garlic, Pesto Sauce",The Italian Vegetables Pizza
241,103,spinach_supr_s,1,2015-01-02,18:02:09,13,,S,Supreme,"Spinach, Red Onions, Pepperoni, Tomatoes, Artichokes, Kalamata Olives, Garlic, Asiago Cheese",The Spinach Supreme Pizza
240,102,prsc_argla_s,1,2015-01-02,17:54:04,13,,S,Supreme,"Prosciutto di San Daniele, Arugula, Mozzarella Cheese",The Prosciutto and Arugula Pizza
239,102,bbq_ckn_s,1,2015-01-02,17:54:04,13,,S,Chicken,"Barbecued Chicken, Red Peppers, Green Peppers, Tomatoes, Red Onions, Barbecue Sauce",The Barbecue Chicken Pizza
238,101,spicy_ital_m,1,2015-01-02,17:51:33,17,,M,Supreme,"Capocollo, Tomatoes, Goat Cheese, Artichokes, Peperoncini verdi, Garlic",The Spicy Italian Pizza
236,101,pepperoni_l,1,2015-01-02,17:51:33,15,,L,Classic,"Mozzarella Cheese, Pepperoni",The Pepperoni Pizza
235,101,cali_ckn_l,1,2015-01-02,17:51:33,21,,L,Chicken,"Chicken, Artichoke, Spinach, Garlic, Jalapeno Peppers, Fontina Cheese, Gouda Cheese",The California Chicken Pizza
237,101,soppressata_l,1,2015-01-02,17:51:33,21,,L,Supreme,"Soppressata Salami, Fontina Cheese, Mozzarella Cheese, Mushrooms, Garlic",The Soppressata Pizza
234,100,hawaiian_l,1,2015-01-02,17:46:17,17,,L,Classic,"Sliced Ham, Pineapple, Mozzarella Cheese",The Hawaiian Pizza
233,99,ital_supr_l,1,2015-01-02,17:45:42,21,,L,Supreme,"Calabrese Salami, Capocollo, Tomatoes, Red Onions, Green Olives, Garlic",The Italian Supreme Pizza
232,98,napolitana_l,1,2015-01-02,17:18:18,21,,L,Classic,"Tomatoes, Anchovies, Green Olives, Red Onions, Garlic",The Napolitana Pizza
231,98,classic_dlx_l,1,2015-01-02,17:18:18,21,,L,Classic,"Pepperoni, Mushrooms, Red Onions, Red Peppers, Bacon",The Classic Deluxe Pizza
230,97,big_meat_s,1,2015-01-02,16:45:33,12,,S,Classic,"Bacon, Pepperoni, Italian Sausage, Chorizo Sausage",The Big Meat Pizza
229,96,napolitana_s,1,2015-01-02,16:21:20,12,,S,Classic,"Tomatoes, Anchovies, Green Olives, Red Onions, Garlic",The Napolitana Pizza
227,95,napolitana_s,1,2015-01-02,16:18:04,12,,S,Classic,"Tomatoes, Anchovies, Green Olives, Red Onions, Garlic",The Napolitana Pizza
228,95,peppr_salami_l,1,2015-01-02,16:18:04,21,,L,Supreme,"Genoa Salami, Capocollo, Pepperoni, Tomatoes, Asiago Cheese, Garlic",The Pepper Salami Pizza
225,94,ital_cpcllo_m,1,2015-01-02,16:17:16,16,,M,Classic,"Capocollo, Red Peppers, Tomatoes, Goat Cheese, Garlic, Oregano",The Italian Capocollo Pizza
226,94,southw_ckn_s,1,2015-01-02,16:17:16,13,,S,Chicken,"Chicken, Tomatoes, Red Peppers, Red Onions, Jalapeno Peppers, Corn, Cilantro, Chipotle Sauce",The Southwest Chicken Pizza
224,93,sicilian_m,1,2015-01-02,15:29:31,16,,M,Supreme,"Coarse Sicilian Salami, Tomatoes, Green Olives, Luganega Sausage, Onions, Garlic",The Sicilian Pizza
219,92,pepperoni_m,1,2015-01-02,15:17:02,13,,M,Classic,"Mozzarella Cheese, Pepperoni",The Pepperoni Pizza
218,92,ital_veggie_s,1,2015-01-02,15:17:02,13,,S,Veggie,"Eggplant, Artichokes, Tomatoes, Zucchini, Red Peppers, Garlic, Pesto Sauce",The Italian Vegetables Pizza
223,92,the_greek_m,2,2015-01-02,15:17:02,16,,M,Classic,"Kalamata Olives, Feta Cheese, Tomatoes, Garlic, Beef Chuck Roast, Red Onions",The Greek Pizza
222,92,spinach_supr_s,1,2015-01-02,15:17:02,13,,S,Supreme,"Spinach, Red Onions, Pepperoni, Tomatoes, Artichokes, Kalamata Olives, Garlic, Asiago Cheese",The Spinach Supreme Pizza
216,92,ital_supr_l,1,2015-01-02,15:17:02,21,,L,Supreme,"Calabrese Salami, Capocollo, Tomatoes, Red Onions, Green Olives, Garlic",The Italian Supreme Pizza
220,92,peppr_salami_m,1,2015-01-02,15:17:02,17,,M,Supreme,"Genoa Salami, Capocollo, Pepperoni, Tomatoes, Asiago Cheese, Garlic",The Pepper Salami Pizza
221,92,spinach_fet_s,1,2015-01-02,15:17:02,12,,S,Veggie,"Spinach, Mushrooms, Red Onions, Feta Cheese, Garlic",The Spinach and Feta Pizza
215,92,bbq_ckn_m,1,2015-01-02,15:17:02,17,,M,Chicken,"Barbecued Chicken, Red Peppers, Green Peppers, Tomatoes, Red Onions, Barbecue Sauce",The Barbecue Chicken Pizza
217,92,ital_supr_m,1,2015-01-02,15:17:02,17,,M,Supreme,"Calabrese Salami, Capocollo, Tomatoes, Red Onions, Green Olives, Garlic",The Italian Supreme Pizza
213,91,ckn_pesto_s,1,2015-01-02,15:14:43,13,,S,Chicken,"Chicken, Tomatoes, Red Peppers, Spinach, Garlic, Pesto Sauce",The Chicken Pesto Pizza
212,91,bbq_ckn_l,2,2015-01-02,15:14:43,21,,L,Chicken,"Barbecued Chicken, Red Peppers, Green Peppers, Tomatoes, Red Onions, Barbecue Sauce",The Barbecue Chicken Pizza
214,91,pepperoni_s,1,2015-01-02,15:14:43,10,,S,Classic,"Mozzarella Cheese, Pepperoni",The Pepperoni Pizza
210,90,sicilian_l,1,2015-01-02,15:08:48,20,,L,Supreme,"Coarse Sicilian Salami, Tomatoes, Green Olives, Luganega Sausage, Onions, Garlic",The Sicilian Pizza
211,90,thai_ckn_s,1,2015-01-02,15:08:48,13,,S,Chicken,"Chicken, Pineapple, Tomatoes, Red Peppers, Thai Sweet Chilli Sauce",The Thai Chicken Pizza
209,89,thai_ckn_l,1,2015-01-02,14:30:19,21,,L,Chicken,"Chicken, Pineapple, Tomatoes, Red Peppers, Thai Sweet Chilli Sauce",The Thai Chicken Pizza
208,89,soppressata_l,1,2015-01-02,14:30:19,21,,L,Supreme,"Soppressata Salami, Fontina Cheese, Mozzarella Cheese, Mushrooms, Garlic",The Soppressata Pizza
207,88,five_cheese_l,1,2015-01-02,14:10:08,19,,L,Veggie,"Mozzarella Cheese, Provolone Cheese, Smoked Gouda Cheese, Romano Cheese, Blue Cheese, Garlic",The Five Cheese Pizza
204,87,mexicana_m,1,2015-01-02,14:01:02,16,,M,Veggie,"Tomatoes, Red Peppers, Jalapeno Peppers, Red Onions, Cilantro, Corn, Chipotle Sauce, Garlic",The Mexicana Pizza
203,87,ital_cpcllo_m,1,2015-01-02,14:01:02,16,,M,Classic,"Capocollo, Red Peppers, Tomatoes, Goat Cheese, Garlic, Oregano",The Italian Capocollo Pizza
205,87,spinach_supr_l,1,2015-01-02,14:01:02,21,,L,Supreme,"Spinach, Red Onions, Pepperoni, Tomatoes, Artichokes, Kalamata Olives, Garlic, Asiago Cheese",The Spinach Supreme Pizza
206,87,spinach_supr_s,1,2015-01-02,14:01:02,13,,S,Supreme,"Spinach, Red Onions, Pepperoni, Tomatoes, Artichokes, Kalamata Olives, Garlic, Asiago Cheese",The Spinach Supreme Pizza
202,86,hawaiian_l,1,2015-01-02,13:40:31,17,,L,Classic,"Sliced Ham, Pineapple, Mozzarella Cheese",The Hawaiian Pizza
199,85,classic_dlx_s,1,2015-01-02,13:34:49,12,,S,Classic,"Pepperoni, Mushrooms, Red Onions, Red Peppers, Bacon",The Classic Deluxe Pizza
201,85,the_greek_m,1,2015-01-02,13:34:49,16,,M,Classic,"Kalamata Olives, Feta Cheese, Tomatoes, Garlic, Beef Chuck Roast, Red Onions",The Greek Pizza
200,85,ital_supr_l,1,2015-01-02,13:34:49,21,,L,Supreme,"Calabrese Salami, Capocollo, Tomatoes, Red Onions, Green Olives, Garlic",The Italian Supreme Pizza
198,85,classic_dlx_m,1,2015-01-02,13:34:49,16,,M,Classic,"Pepperoni, Mushrooms, Red Onions, Red Peppers, Bacon",The Classic Deluxe Pizza
197,84,pepperoni_l,1,2015-01-02,13:13:41,15,,L,Classic,"Mozzarella Cheese, Pepperoni",The Pepperoni Pizza
196,83,southw_ckn_s,1,2015-01-02,12:53:27,13,,S,Chicken,"Chicken, Tomatoes, Red Peppers, Red Onions, Jalapeno Peppers, Corn, Cilantro, Chipotle Sauce",The Southwest Chicken Pizza
192,82,big_meat_s,1,2015-01-02,12:45:51,12,,S,Classic,"Bacon, Pepperoni, Italian Sausage, Chorizo Sausage",The Big Meat Pizza
195,82,veggie_veg_m,1,2015-01-02,12:45:51,16,,M,Veggie,"Mushrooms, Tomatoes, Red Peppers, Green Peppers, Red Onions, Zucchini, Spinach, Garlic",The Vegetables + Vegetables Pizza
194,82,spicy_ital_l,1,2015-01-02,12:45:51,21,,L,Supreme,"Capocollo, Tomatoes, Goat Cheese, Artichokes, Peperoncini verdi, Garlic",The Spicy Italian Pizza
193,82,cali_ckn_m,1,2015-01-02,12:45:51,17,,M,Chicken,"Chicken, Artichoke, Spinach, Garlic, Jalapeno Peppers, Fontina Cheese, Gouda Cheese",The California Chicken Pizza
191,81,thai_ckn_l,1,2015-01-02,12:40:01,21,,L,Chicken,"Chicken, Pineapple, Tomatoes, Red Peppers, Thai Sweet Chilli Sauce",The Thai Chicken Pizza
189,80,pepperoni_s,1,2015-01-02,12:35:38,10,,S,Classic,"Mozzarella Cheese, Pepperoni",The Pepperoni Pizza
190,80,thai_ckn_m,1,2015-01-02,12:35:38,17,,M,Chicken,"Chicken, Pineapple, Tomatoes, Red Peppers, Thai Sweet Chilli Sauce",The Thai Chicken Pizza
186,79,ital_cpcllo_l,1,2015-01-02,12:29:11,21,,L,Classic,"Capocollo, Red Peppers, Tomatoes, Goat Cheese, Garlic, Oregano",The Italian Capocollo Pizza
187,79,pep_msh_pep_s,1,2015-01-02,12:29:11,11,,S,Classic,"Pepperoni, Mushrooms, Green Peppers","The Pepperoni, Mushroom, and Peppers Pizza"
188,79,thai_ckn_l,1,2015-01-02,12:29:11,21,,L,Chicken,"Chicken, Pineapple, Tomatoes, Red Peppers, Thai Sweet Chilli Sauce",The Thai Chicken Pizza
185,78,thai_ckn_s,1,2015-01-02,12:28:14,13,,S,Chicken,"Chicken, Pineapple, Tomatoes, Red Peppers, Thai Sweet Chilli Sauce",The Thai Chicken Pizza
184,78,spicy_ital_l,3,2015-01-02,12:28:14,21,,L,Supreme,"Capocollo, Tomatoes, Goat Cheese, Artichokes, Peperoncini verdi, Garlic",The Spicy Italian Pizza
180,78,big_meat_s,1,2015-01-02,12:28:14,12,,S,Classic,"Bacon, Pepperoni, Italian Sausage, Chorizo Sausage",The Big Meat Pizza
183,78,ital_cpcllo_m,1,2015-01-02,12:28:14,16,,M,Classic,"Capocollo, Red Peppers, Tomatoes, Goat Cheese, Garlic, Oregano",The Italian Capocollo Pizza
182,78,four_cheese_l,1,2015-01-02,12:28:14,18,,L,Veggie,"Ricotta Cheese, Gorgonzola Piccante Cheese, Mozzarella Cheese, Parmigiano Reggiano Cheese, Garlic",The Four Cheese Pizza
181,78,classic_dlx_s,1,2015-01-02,12:28:14,12,,S,Classic,"Pepperoni, Mushrooms, Red Onions, Red Peppers, Bacon",The Classic Deluxe Pizza
179,77,hawaiian_m,1,2015-01-02,12:22:46,13,,M,Classic,"Sliced Ham, Pineapple, Mozzarella Cheese",The Hawaiian Pizza
178,77,bbq_ckn_m,1,2015-01-02,12:22:46,17,,M,Chicken,"Barbecued Chicken, Red Peppers, Green Peppers, Tomatoes, Red Onions, Barbecue Sauce",The Barbecue Chicken Pizza
175,76,hawaiian_l,1,2015-01-02,12:21:17,17,,L,Classic,"Sliced Ham, Pineapple, Mozzarella Cheese",The Hawaiian Pizza
174,76,big_meat_s,1,2015-01-02,12:21:17,12,,S,Classic,"Bacon, Pepperoni, Italian Sausage, Chorizo Sausage",The Big Meat Pizza
177,76,spicy_ital_l,1,2015-01-02,12:21:17,21,,L,Supreme,"Capocollo, Tomatoes, Goat Cheese, Artichokes, Peperoncini verdi, Garlic",The Spicy Italian Pizza
176,76,ital_veggie_l,1,2015-01-02,12:21:17,21,,L,Veggie,"Eggplant, Artichokes, Tomatoes, Zucchini, Red Peppers, Garlic, Pesto Sauce",The Italian Vegetables Pizza
171,75,ital_supr_s,1,2015-01-02,12:10:15,13,,S,Supreme,"Calabrese Salami, Capocollo, Tomatoes, Red Onions, Green Olives, Garlic",The Italian Supreme Pizza
172,75,mediterraneo_l,1,2015-01-02,12:10:15,20,,L,Veggie,"Spinach, Artichokes, Kalamata Olives, Sun-dried Tomatoes, Feta Cheese, Plum Tomatoes, Red Onions",The Mediterranean Pizza
173,75,napolitana_l,1,2015-01-02,12:10:15,21,,L,Classic,"Tomatoes, Anchovies, Green Olives, Red Onions, Garlic",The Napolitana Pizza
169,74,spin_pesto_s,1,2015-01-02,12:01:12,13,,S,Veggie,"Spinach, Artichokes, Tomatoes, Sun-dried Tomatoes, Garlic, Pesto Sauce",The Spinach Pesto Pizza
168,74,mexicana_l,1,2015-01-02,12:01:12,20,,L,Veggie,"Tomatoes, Red Peppers, Jalapeno Peppers, Red Onions, Cilantro, Corn, Chipotle Sauce, Garlic",The Mexicana Pizza
167,74,five_cheese_l,1,2015-01-02,12:01:12,19,,L,Veggie,"Mozzarella Cheese, Provolone Cheese, Smoked Gouda Cheese, Romano Cheese, Blue Cheese, Garlic",The Five Cheese Pizza
170,74,spinach_supr_l,1,2015-01-02,12:01:12,21,,L,Supreme,"Spinach, Red Onions, Pepperoni, Tomatoes, Artichokes, Kalamata Olives, Garlic, Asiago Cheese",The Spinach Supreme Pizza
166,73,thai_ckn_s,1,2015-01-02,11:58:56,13,,S,Chicken,"Chicken, Pineapple, Tomatoes, Red Peppers, Thai Sweet Chilli Sauce",The Thai Chicken Pizza
165,72,spinach_fet_l,1,2015-01-02,11:57:25,20,,L,Veggie,"Spinach, Mushrooms, Red Onions, Feta Cheese, Garlic",The Spinach and Feta Pizza
164,71,thai_ckn_l,1,2015-01-02,11:40:50,21,,L,Chicken,"Chicken, Pineapple, Tomatoes, Red Peppers, Thai Sweet Chilli Sauce",The Thai Chicken Pizza
163,70,soppressata_l,1,2015-01-02,11:38:51,21,,L,Supreme,"Soppressata Salami, Fontina Cheese, Mozzarella Cheese, Mushrooms, Garlic",The Soppressata Pizza
162,70,ital_veggie_s,1,2015-01-02,11:38:51,13,,S,Veggie,"Eggplant, Artichokes, Tomatoes, Zucchini, Red Peppers, Garlic, Pesto Sauce",The Italian Vegetables Pizza
161,69,bbq_ckn_l,1,2015-01-01,22:12:13,21,,L,Chicken,"Barbecued Chicken, Red Peppers, Green Peppers, Tomatoes, Red Onions, Barbecue Sauce",The Barbecue Chicken Pizza
158,68,classic_dlx_m,1,2015-01-01,22:07:32,16,,M,Classic,"Pepperoni, Mushrooms, Red Onions, Red Peppers, Bacon",The Classic Deluxe Pizza
159,68,ital_supr_l,1,2015-01-01,22:07:32,21,,L,Supreme,"Calabrese Salami, Capocollo, Tomatoes, Red Onions, Green Olives, Garlic",The Italian Supreme Pizza
160,68,ital_supr_m,1,2015-01-01,22:07:32,17,,M,Supreme,"Calabrese Salami, Capocollo, Tomatoes, Red Onions, Green Olives, Garlic",The Italian Supreme Pizza
157,67,southw_ckn_l,1,2015-01-01,22:03:40,21,,L,Chicken,"Chicken, Tomatoes, Red Peppers, Red Onions, Jalapeno Peppers, Corn, Cilantro, Chipotle Sauce",The Southwest Chicken Pizza
156,66,ital_cpcllo_m,1,2015-01-01,21:47:55,16,,M,Classic,"Capocollo, Red Peppers, Tomatoes, Goat Cheese, Garlic, Oregano",The Italian Capocollo Pizza
155,66,classic_dlx_m,1,2015-01-01,21:47:55,16,,M,Classic,"Pepperoni, Mushrooms, Red Onions, Red Peppers, Bacon",The Classic Deluxe Pizza
154,65,spinach_supr_m,1,2015-01-01,21:16:00,17,,M,Supreme,"Spinach, Red Onions, Pepperoni, Tomatoes, Artichokes, Kalamata Olives, Garlic, Asiago Cheese",The Spinach Supreme Pizza
151,65,pep_msh_pep_s,1,2015-01-01,21:16:00,11,,S,Classic,"Pepperoni, Mushrooms, Green Peppers","The Pepperoni, Mushroom, and Peppers Pizza"
152,65,sicilian_s,1,2015-01-01,21:16:00,12,,S,Supreme,"Coarse Sicilian Salami, Tomatoes, Green Olives, Luganega Sausage, Onions, Garlic",The Sicilian Pizza
153,65,spicy_ital_s,1,2015-01-01,21:16:00,13,,S,Supreme,"Capocollo, Tomatoes, Goat Cheese, Artichokes, Peperoncini verdi, Garlic",The Spicy Italian Pizza
150,64,big_meat_s,1,2015-01-01,20:52:08,12,,S,Classic,"Bacon, Pepperoni, Italian Sausage, Chorizo Sausage",The Big Meat Pizza
149,63,pep_msh_pep_m,1,2015-01-01,20:51:42,15,,M,Classic,"Pepperoni, Mushrooms, Green Peppers","The Pepperoni, Mushroom, and Peppers Pizza"
147,62,bbq_ckn_m,1,2015-01-01,20:50:16,17,,M,Chicken,"Barbecued Chicken, Red Peppers, Green Peppers, Tomatoes, Red Onions, Barbecue Sauce",The Barbecue Chicken Pizza
148,62,spinach_supr_m,1,2015-01-01,20:50:16,17,,M,Supreme,"Spinach, Red Onions, Pepperoni, Tomatoes, Artichokes, Kalamata Olives, Garlic, Asiago Cheese",The Spinach Supreme Pizza
146,61,ital_supr_l,1,2015-01-01,20:08:43,21,,L,Supreme,"Calabrese Salami, Capocollo, Tomatoes, Red Onions, Green Olives, Garlic",The Italian Supreme Pizza
145,61,bbq_ckn_m,1,2015-01-01,20:08:43,17,,M,Chicken,"Barbecued Chicken, Red Peppers, Green Peppers, Tomatoes, Red Onions, Barbecue Sauce",The Barbecue Chicken Pizza
143,60,ckn_pesto_l,1,2015-01-01,20:05:16,21,,L,Chicken,"Chicken, Tomatoes, Red Peppers, Spinach, Garlic, Pesto Sauce",The Chicken Pesto Pizza
144,60,four_cheese_m,1,2015-01-01,20:05:16,15,,M,Veggie,"Ricotta Cheese, Gorgonzola Piccante Cheese, Mozzarella Cheese, Parmigiano Reggiano Cheese, Garlic",The Four Cheese Pizza
141,59,pep_msh_pep_s,1,2015-01-01,19:40:08,11,,S,Classic,"Pepperoni, Mushrooms, Green Peppers","The Pepperoni, Mushroom, and Peppers Pizza"
142,59,pepperoni_l,1,2015-01-01,19:40:08,15,,L,Classic,"Mozzarella Cheese, Pepperoni",The Pepperoni Pizza
140,59,ital_veggie_s,1,2015-01-01,19:40:08,13,,S,Veggie,"Eggplant, Artichokes, Tomatoes, Zucchini, Red Peppers, Garlic, Pesto Sauce",The Italian Vegetables Pizza
139,58,pepperoni_m,1,2015-01-01,19:30:40,13,,M,Classic,"Mozzarella Cheese, Pepperoni",The Pepperoni Pizza
138,58,five_cheese_l,1,2015-01-01,19:30:40,19,,L,Veggie,"Mozzarella Cheese, Provolone Cheese, Smoked Gouda Cheese, Romano Cheese, Blue Cheese, Garlic",The Five Cheese Pizza
137,57,classic_dlx_m,1,2015-01-01,19:10:51,16,,M,Classic,"Pepperoni, Mushrooms, Red Onions, Red Peppers, Bacon",The Classic Deluxe Pizza
135,56,mediterraneo_l,1,2015-01-01,19:07:00,20,,L,Veggie,"Spinach, Artichokes, Kalamata Olives, Sun-dried Tomatoes, Feta Cheese, Plum Tomatoes, Red Onions",The Mediterranean Pizza
136,56,southw_ckn_m,1,2015-01-01,19:07:00,17,,M,Chicken,"Chicken, Tomatoes, Red Peppers, Red Onions, Jalapeno Peppers, Corn, Cilantro, Chipotle Sauce",The Southwest Chicken Pizza
134,56,classic_dlx_m,1,2015-01-01,19:07:00,16,,M,Classic,"Pepperoni, Mushrooms, Red Onions, Red Peppers, Bacon",The Classic Deluxe Pizza
133,55,spicy_ital_l,1,2015-01-01,19:03:19,21,,L,Supreme,"Capocollo, Tomatoes, Goat Cheese, Artichokes, Peperoncini verdi, Garlic",The Spicy Italian Pizza
132,55,peppr_salami_s,1,2015-01-01,19:03:19,13,,S,Supreme,"Genoa Salami, Capocollo, Pepperoni, Tomatoes, Asiago Cheese, Garlic",The Pepper Salami Pizza
130,54,prsc_argla_m,1,2015-01-01,19:01:45,17,,M,Supreme,"Prosciutto di San Daniele, Arugula, Mozzarella Cheese",The Prosciutto and Arugula Pizza
131,54,thai_ckn_l,1,2015-01-01,19:01:45,21,,L,Chicken,"Chicken, Pineapple, Tomatoes, Red Peppers, Thai Sweet Chilli Sauce",The Thai Chicken Pizza
128,53,pep_msh_pep_s,1,2015-01-01,18:54:17,11,,S,Classic,"Pepperoni, Mushrooms, Green Peppers","The Pepperoni, Mushroom, and Peppers Pizza"
129,53,spinach_supr_m,1,2015-01-01,18:54:17,17,,M,Supreme,"Spinach, Red Onions, Pepperoni, Tomatoes, Artichokes, Kalamata Olives, Garlic, Asiago Cheese",The Spinach Supreme Pizza
126,52,mexicana_l,1,2015-01-01,18:53:02,20,,L,Veggie,"Tomatoes, Red Peppers, Jalapeno Peppers, Red Onions, Cilantro, Corn, Chipotle Sauce, Garlic",The Mexicana Pizza
125,52,hawaiian_l,1,2015-01-01,18:53:02,17,,L,Classic,"Sliced Ham, Pineapple, Mozzarella Cheese",The Hawaiian Pizza
127,52,spicy_ital_l,1,2015-01-01,18:53:02,21,,L,Supreme,"Capocollo, Tomatoes, Goat Cheese, Artichokes, Peperoncini verdi, Garlic",The Spicy Italian Pizza
123,51,bbq_ckn_l,1,2015-01-01,18:48:28,21,,L,Chicken,"Barbecued Chicken, Red Peppers, Green Peppers, Tomatoes, Red Onions, Barbecue Sauce",The Barbecue Chicken Pizza
124,51,pep_msh_pep_l,1,2015-01-01,18:48:28,18,,L,Classic,"Pepperoni, Mushrooms, Green Peppers","The Pepperoni, Mushroom, and Peppers Pizza"
122,50,the_greek_xl,1,2015-01-01,18:41:01,26,,XL,Classic,"Kalamata Olives, Feta Cheese, Tomatoes, Garlic, Beef Chuck Roast, Red Onions",The Greek Pizza
121,49,sicilian_l,1,2015-01-01,18:33:00,20,,L,Supreme,"Coarse Sicilian Salami, Tomatoes, Green Olives, Luganega Sausage, Onions, Garlic",The Sicilian Pizza
119,48,prsc_argla_l,1,2015-01-01,18:26:42,21,,L,Supreme,"Prosciutto di San Daniele, Arugula, Mozzarella Cheese",The Prosciutto and Arugula Pizza
117,48,ckn_pesto_m,1,2015-01-01,18:26:42,17,,M,Chicken,"Chicken, Tomatoes, Red Peppers, Spinach, Garlic, Pesto Sauce",The Chicken Pesto Pizza
118,48,green_garden_s,1,2015-01-01,18:26:42,12,,S,Veggie,"Spinach, Mushrooms, Tomatoes, Green Olives, Feta Cheese",The Green Garden Pizza
120,48,spicy_ital_l,1,2015-01-01,18:26:42,21,,L,Supreme,"Capocollo, Tomatoes, Goat Cheese, Artichokes, Peperoncini verdi, Garlic",The Spicy Italian Pizza
115,47,southw_ckn_l,1,2015-01-01,18:26:34,21,,L,Chicken,"Chicken, Tomatoes, Red Peppers, Red Onions, Jalapeno Peppers, Corn, Cilantro, Chipotle Sauce",The Southwest Chicken Pizza
116,47,veggie_veg_s,1,2015-01-01,18:26:34,12,,S,Veggie,"Mushrooms, Tomatoes, Red Peppers, Green Peppers, Red Onions, Zucchini, Spinach, Garlic",The Vegetables + Vegetables Pizza
113,46,classic_dlx_l,1,2015-01-01,18:25:51,21,,L,Classic,"Pepperoni, Mushrooms, Red Onions, Red Peppers, Bacon",The Classic Deluxe Pizza
112,46,ckn_pesto_l,1,2015-01-01,18:25:51,21,,L,Chicken,"Chicken, Tomatoes, Red Peppers, Spinach, Garlic, Pesto Sauce",The Chicken Pesto Pizza
114,46,thai_ckn_m,1,2015-01-01,18:25:51,17,,M,Chicken,"Chicken, Pineapple, Tomatoes, Red Peppers, Thai Sweet Chilli Sauce",The Thai Chicken Pizza
109,45,four_cheese_l,1,2015-01-01,17:55:48,18,,L,Veggie,"Ricotta Cheese, Gorgonzola Piccante Cheese, Mozzarella Cheese, Parmigiano Reggiano Cheese, Garlic",The Four Cheese Pizza
111,45,thai_ckn_m,1,2015-01-01,17:55:48,17,,M,Chicken,"Chicken, Pineapple, Tomatoes, Red Peppers, Thai Sweet Chilli Sauce",The Thai Chicken Pizza
110,45,hawaiian_s,1,2015-01-01,17:55:48,11,,S,Classic,"Sliced Ham, Pineapple, Mozzarella Cheese",The Hawaiian Pizza
108,44,spin_pesto_s,1,2015-01-01,17:54:20,13,,S,Veggie,"Spinach, Artichokes, Tomatoes, Sun-dried Tomatoes, Garlic, Pesto Sauce",The Spinach Pesto Pizza
107,43,peppr_salami_l,1,2015-01-01,17:38:34,21,,L,Supreme,"Genoa Salami, Capocollo, Pepperoni, Tomatoes, Asiago Cheese, Garlic",The Pepper Salami Pizza
105,43,ckn_alfredo_m,1,2015-01-01,17:38:34,17,,M,Chicken,"Chicken, Red Onions, Red Peppers, Mushrooms, Asiago Cheese, Alfredo Sauce",The Chicken Alfredo Pizza
106,43,ital_supr_m,1,2015-01-01,17:38:34,17,,M,Supreme,"Calabrese Salami, Capocollo, Tomatoes, Red Onions, Green Olives, Garlic",The Italian Supreme Pizza
104,42,peppr_salami_m,1,2015-01-01,17:28:09,17,,M,Supreme,"Genoa Salami, Capocollo, Pepperoni, Tomatoes, Asiago Cheese, Garlic",The Pepper Salami Pizza
102,42,five_cheese_l,1,2015-01-01,17:28:09,19,,L,Veggie,"Mozzarella Cheese, Provolone Cheese, Smoked Gouda Cheese, Romano Cheese, Blue Cheese, Garlic",The Five Cheese Pizza
103,42,mexicana_l,1,2015-01-01,17:28:09,20,,L,Veggie,"Tomatoes, Red Peppers, Jalapeno Peppers, Red Onions, Cilantro, Corn, Chipotle Sauce, Garlic",The Mexicana Pizza
101,42,big_meat_s,1,2015-01-01,17:28:09,12,,S,Classic,"Bacon, Pepperoni, Italian Sausage, Chorizo Sausage",The Big Meat Pizza
100,41,green_garden_s,1,2015-01-01,17:15:20,12,,S,Veggie,"Spinach, Mushrooms, Tomatoes, Green Olives, Feta Cheese",The Green Garden Pizza
99,41,four_cheese_m,1,2015-01-01,17:15:20,15,,M,Veggie,"Ricotta Cheese, Gorgonzola Piccante Cheese, Mozzarella Cheese, Parmigiano Reggiano Cheese, Garlic",The Four Cheese Pizza
97,40,four_cheese_l,1,2015-01-01,17:14:36,18,,L,Veggie,"Ricotta Cheese, Gorgonzola Piccante Cheese, Mozzarella Cheese, Parmigiano Reggiano Cheese, Garlic",The Four Cheese Pizza
98,40,southw_ckn_s,1,2015-01-01,17:14:36,13,,S,Chicken,"Chicken, Tomatoes, Red Peppers, Red Onions, Jalapeno Peppers, Corn, Cilantro, Chipotle Sauce",The Southwest Chicken Pizza
96,39,ital_supr_l,1,2015-01-01,17:07:23,21,,L,Supreme,"Calabrese Salami, Capocollo, Tomatoes, Red Onions, Green Olives, Garlic",The Italian Supreme Pizza
95,38,ital_cpcllo_l,1,2015-01-01,17:03:00,21,,L,Classic,"Capocollo, Red Peppers, Tomatoes, Goat Cheese, Garlic, Oregano",The Italian Capocollo Pizza
94,38,hawaiian_s,1,2015-01-01,17:03:00,11,,S,Classic,"Sliced Ham, Pineapple, Mozzarella Cheese",The Hawaiian Pizza
92,37,ital_supr_l,1,2015-01-01,16:56:09,21,,L,Supreme,"Calabrese Salami, Capocollo, Tomatoes, Red Onions, Green Olives, Garlic",The Italian Supreme Pizza
93,37,mexicana_l,1,2015-01-01,16:56:09,20,,L,Veggie,"Tomatoes, Red Peppers, Jalapeno Peppers, Red Onions, Cilantro, Corn, Chipotle Sauce, Garlic",The Mexicana Pizza
90,36,bbq_ckn_m,1,2015-01-01,16:54:09,17,,M,Chicken,"Barbecued Chicken, Red Peppers, Green Peppers, Tomatoes, Red Onions, Barbecue Sauce",The Barbecue Chicken Pizza
91,36,classic_dlx_m,1,2015-01-01,16:54:09,16,,M,Classic,"Pepperoni, Mushrooms, Red Onions, Red Peppers, Bacon",The Classic Deluxe Pizza
88,35,pepperoni_m,1,2015-01-01,16:32:04,13,,M,Classic,"Mozzarella Cheese, Pepperoni",The Pepperoni Pizza
87,35,pep_msh_pep_l,1,2015-01-01,16:32:04,18,,L,Classic,"Pepperoni, Mushrooms, Green Peppers","The Pepperoni, Mushroom, and Peppers Pizza"
89,35,thai_ckn_l,1,2015-01-01,16:32:04,21,,L,Chicken,"Chicken, Pineapple, Tomatoes, Red Peppers, Thai Sweet Chilli Sauce",The Thai Chicken Pizza
86,35,green_garden_m,1,2015-01-01,16:32:04,16,,M,Veggie,"Spinach, Mushrooms, Tomatoes, Green Olives, Feta Cheese",The Green Garden Pizza
85,34,the_greek_s,1,2015-01-01,16:21:21,12,,S,Classic,"Kalamata Olives, Feta Cheese, Tomatoes, Garlic, Beef Chuck Roast, Red Onions",The Greek Pizza
83,33,bbq_ckn_l,1,2015-01-01,15:54:08,21,,L,Chicken,"Barbecued Chicken, Red Peppers, Green Peppers, Tomatoes, Red Onions, Barbecue Sauce",The Barbecue Chicken Pizza
84,33,green_garden_s,1,2015-01-01,15:54:08,12,,S,Veggie,"Spinach, Mushrooms, Tomatoes, Green Olives, Feta Cheese",The Green Garden Pizza
81,32,ital_cpcllo_l,1,2015-01-01,15:53:18,21,,L,Classic,"Capocollo, Red Peppers, Tomatoes, Goat Cheese, Garlic, Oregano",The Italian Capocollo Pizza
79,32,big_meat_s,1,2015-01-01,15:53:18,12,,S,Classic,"Bacon, Pepperoni, Italian Sausage, Chorizo Sausage",The Big Meat Pizza
80,32,green_garden_l,1,2015-01-01,15:53:18,20,,L,Veggie,"Spinach, Mushrooms, Tomatoes, Green Olives, Feta Cheese",The Green Garden Pizza
82,32,ital_supr_m,1,2015-01-01,15:53:18,17,,M,Supreme,"Calabrese Salami, Capocollo, Tomatoes, Red Onions, Green Olives, Garlic",The Italian Supreme Pizza
77,31,mexicana_m,1,2015-01-01,15:50:18,16,,M,Veggie,"Tomatoes, Red Peppers, Jalapeno Peppers, Red Onions, Cilantro, Corn, Chipotle Sauce, Garlic",The Mexicana Pizza
78,31,pepperoni_s,1,2015-01-01,15:50:18,10,,S,Classic,"Mozzarella Cheese, Pepperoni",The Pepperoni Pizza
76,30,thai_ckn_l,1,2015-01-01,15:41:25,21,,L,Chicken,"Chicken, Pineapple, Tomatoes, Red Peppers, Thai Sweet Chilli Sauce",The Thai Chicken Pizza
75,29,green_garden_s,1,2015-01-01,15:41:01,12,,S,Veggie,"Spinach, Mushrooms, Tomatoes, Green Olives, Feta Cheese",The Green Garden Pizza
74,28,ckn_alfredo_s,1,2015-01-01,15:35:46,13,,S,Chicken,"Chicken, Red Onions, Red Peppers, Mushrooms, Asiago Cheese, Alfredo Sauce",The Chicken Alfredo Pizza
71,27,bbq_ckn_l,1,2015-01-01,15:11:17,21,,L,Chicken,"Barbecued Chicken, Red Peppers, Green Peppers, Tomatoes, Red Onions, Barbecue Sauce",The Barbecue Chicken Pizza
72,27,classic_dlx_m,1,2015-01-01,15:11:17,16,,M,Classic,"Pepperoni, Mushrooms, Red Onions, Red Peppers, Bacon",The Classic Deluxe Pizza
73,27,spinach_fet_l,1,2015-01-01,15:11:17,20,,L,Veggie,"Spinach, Mushrooms, Red Onions, Feta Cheese, Garlic",The Spinach and Feta Pizza
69,26,classic_dlx_s,1,2015-01-01,14:54:26,12,,S,Classic,"Pepperoni, Mushrooms, Red Onions, Red Peppers, Bacon",The Classic Deluxe Pizza
70,26,veggie_veg_l,1,2015-01-01,14:54:26,20,,L,Veggie,"Mushrooms, Tomatoes, Red Peppers, Green Peppers, Red Onions, Zucchini, Spinach, Garlic",The Vegetables + Vegetables Pizza
67,25,sicilian_m,1,2015-01-01,14:44:44,16,,M,Supreme,"Coarse Sicilian Salami, Tomatoes, Green Olives, Luganega Sausage, Onions, Garlic",The Sicilian Pizza
68,25,thai_ckn_l,1,2015-01-01,14:44:44,21,,L,Chicken,"Chicken, Pineapple, Tomatoes, Red Peppers, Thai Sweet Chilli Sauce",The Thai Chicken Pizza
65,24,pepperoni_m,1,2015-01-01,14:23:01,13,,M,Classic,"Mozzarella Cheese, Pepperoni",The Pepperoni Pizza
64,24,ital_cpcllo_m,1,2015-01-01,14:23:01,16,,M,Classic,"Capocollo, Red Peppers, Tomatoes, Goat Cheese, Garlic, Oregano",The Italian Capocollo Pizza
63,24,bbq_ckn_m,1,2015-01-01,14:23:01,17,,M,Chicken,"Barbecued Chicken, Red Peppers, Green Peppers, Tomatoes, Red Onions, Barbecue Sauce",The Barbecue Chicken Pizza
66,24,prsc_argla_s,1,2015-01-01,14:23:01,13,,S,Supreme,"Prosciutto di San Daniele, Arugula, Mozzarella Cheese",The Prosciutto and Arugula Pizza
62,23,southw_ckn_s,1,2015-01-01,14:19:03,13,,S,Chicken,"Chicken, Tomatoes, Red Peppers, Red Onions, Jalapeno Peppers, Corn, Cilantro, Chipotle Sauce",The Southwest Chicken Pizza
60,22,ital_cpcllo_m,1,2015-01-01,14:16:26,16,,M,Classic,"Capocollo, Red Peppers, Tomatoes, Goat Cheese, Garlic, Oregano",The Italian Capocollo Pizza
61,22,southw_ckn_l,1,2015-01-01,14:16:26,21,,L,Chicken,"Chicken, Tomatoes, Red Peppers, Red Onions, Jalapeno Peppers, Corn, Cilantro, Chipotle Sauce",The Southwest Chicken Pizza
59,22,five_cheese_l,1,2015-01-01,14:16:26,19,,L,Veggie,"Mozzarella Cheese, Provolone Cheese, Smoked Gouda Cheese, Romano Cheese, Blue Cheese, Garlic",The Five Cheese Pizza
58,21,ital_cpcllo_l,1,2015-01-01,14:14:29,21,,L,Classic,"Capocollo, Red Peppers, Tomatoes, Goat Cheese, Garlic, Oregano",The Italian Capocollo Pizza
56,20,big_meat_s,1,2015-01-01,14:03:08,12,,S,Classic,"Bacon, Pepperoni, Italian Sausage, Chorizo Sausage",The Big Meat Pizza
57,20,five_cheese_l,1,2015-01-01,14:03:08,19,,L,Veggie,"Mozzarella Cheese, Provolone Cheese, Smoked Gouda Cheese, Romano Cheese, Blue Cheese, Garlic",The Five Cheese Pizza
55,19,sicilian_l,1,2015-01-01,13:59:09,20,,L,Supreme,"Coarse Sicilian Salami, Tomatoes, Green Olives, Luganega Sausage, Onions, Garlic",The Sicilian Pizza
54,19,ital_cpcllo_l,1,2015-01-01,13:59:09,21,,L,Classic,"Capocollo, Red Peppers, Tomatoes, Goat Cheese, Garlic, Oregano",The Italian Capocollo Pizza
53,18,napolitana_l,1,2015-01-01,13:57:08,21,,L,Classic,"Tomatoes, Anchovies, Green Olives, Red Onions, Garlic",The Napolitana Pizza
43,17,bbq_ckn_l,1,2015-01-01,13:53:00,21,,L,Chicken,"Barbecued Chicken, Red Peppers, Green Peppers, Tomatoes, Red Onions, Barbecue Sauce",The Barbecue Chicken Pizza
45,17,five_cheese_l,1,2015-01-01,13:53:00,19,,L,Veggie,"Mozzarella Cheese, Provolone Cheese, Smoked Gouda Cheese, Romano Cheese, Blue Cheese, Garlic",The Five Cheese Pizza
52,17,spinach_fet_l,1,2015-01-01,13:53:00,20,,L,Veggie,"Spinach, Mushrooms, Red Onions, Feta Cheese, Garlic",The Spinach and Feta Pizza
47,17,ital_supr_m,1,2015-01-01,13:53:00,17,,M,Supreme,"Calabrese Salami, Capocollo, Tomatoes, Red Onions, Green Olives, Garlic",The Italian Supreme Pizza
44,17,calabrese_m,1,2015-01-01,13:53:00,16,,M,Supreme,"æ…›duja Salami, Pancetta, Tomatoes, Red Onions, Friggitello Peppers, Garlic",The Calabrese Pizza
49,17,mediterraneo_m,2,2015-01-01,13:53:00,16,,M,Veggie,"Spinach, Artichokes, Kalamata Olives, Sun-dried Tomatoes, Feta Cheese, Plum Tomatoes, Red Onions",The Mediterranean Pizza
46,17,four_cheese_m,1,2015-01-01,13:53:00,15,,M,Veggie,"Ricotta Cheese, Gorgonzola Piccante Cheese, Mozzarella Cheese, Parmigiano Reggiano Cheese, Garlic",The Four Cheese Pizza
50,17,mexicana_l,1,2015-01-01,13:53:00,20,,L,Veggie,"Tomatoes, Red Peppers, Jalapeno Peppers, Red Onions, Cilantro, Corn, Chipotle Sauce, Garlic",The Mexicana Pizza
48,17,ital_veggie_s,1,2015-01-01,13:53:00,13,,S,Veggie,"Eggplant, Artichokes, Tomatoes, Zucchini, Red Peppers, Garlic, Pesto Sauce",The Italian Vegetables Pizza
51,17,peppr_salami_s,1,2015-01-01,13:53:00,13,,S,Supreme,"Genoa Salami, Capocollo, Pepperoni, Tomatoes, Asiago Cheese, Garlic",The Pepper Salami Pizza
41,16,napolitana_s,1,2015-01-01,13:34:07,12,,S,Classic,"Tomatoes, Anchovies, Green Olives, Red Onions, Garlic",The Napolitana Pizza
40,16,four_cheese_l,1,2015-01-01,13:34:07,18,,L,Veggie,"Ricotta Cheese, Gorgonzola Piccante Cheese, Mozzarella Cheese, Parmigiano Reggiano Cheese, Garlic",The Four Cheese Pizza
42,16,thai_ckn_l,1,2015-01-01,13:34:07,21,,L,Chicken,"Chicken, Pineapple, Tomatoes, Red Peppers, Thai Sweet Chilli Sauce",The Thai Chicken Pizza
39,15,the_greek_s,1,2015-01-01,13:33:00,12,,S,Classic,"Kalamata Olives, Feta Cheese, Tomatoes, Garlic, Beef Chuck Roast, Red Onions",The Greek Pizza
38,15,soppressata_l,1,2015-01-01,13:33:00,21,,L,Supreme,"Soppressata Salami, Fontina Cheese, Mozzarella Cheese, Mushrooms, Garlic",The Soppressata Pizza
36,15,big_meat_s,1,2015-01-01,13:33:00,12,,S,Classic,"Bacon, Pepperoni, Italian Sausage, Chorizo Sausage",The Big Meat Pizza
37,15,five_cheese_l,1,2015-01-01,13:33:00,19,,L,Veggie,"Mozzarella Cheese, Provolone Cheese, Smoked Gouda Cheese, Romano Cheese, Blue Cheese, Garlic",The Five Cheese Pizza
35,14,the_greek_s,1,2015-01-01,13:14:19,12,,S,Classic,"Kalamata Olives, Feta Cheese, Tomatoes, Garlic, Beef Chuck Roast, Red Onions",The Greek Pizza
34,13,mexicana_l,1,2015-01-01,13:11:55,20,,L,Veggie,"Tomatoes, Red Peppers, Jalapeno Peppers, Red Onions, Cilantro, Corn, Chipotle Sauce, Garlic",The Mexicana Pizza
31,12,cali_ckn_s,1,2015-01-01,13:04:41,13,,S,Chicken,"Chicken, Artichoke, Spinach, Garlic, Jalapeno Peppers, Fontina Cheese, Gouda Cheese",The California Chicken Pizza
30,12,cali_ckn_l,1,2015-01-01,13:04:41,21,,L,Chicken,"Chicken, Artichoke, Spinach, Garlic, Jalapeno Peppers, Fontina Cheese, Gouda Cheese",The California Chicken Pizza
32,12,ckn_pesto_l,1,2015-01-01,13:04:41,21,,L,Chicken,"Chicken, Tomatoes, Red Peppers, Spinach, Garlic, Pesto Sauce",The Chicken Pesto Pizza
33,12,ital_supr_m,1,2015-01-01,13:04:41,17,,M,Supreme,"Calabrese Salami, Capocollo, Tomatoes, Red Onions, Green Olives, Garlic",The Italian Supreme Pizza
27,11,cali_ckn_l,1,2015-01-01,13:02:59,21,,L,Chicken,"Chicken, Artichoke, Spinach, Garlic, Jalapeno Peppers, Fontina Cheese, Gouda Cheese",The California Chicken Pizza
29,11,pepperoni_l,1,2015-01-01,13:02:59,15,,L,Classic,"Mozzarella Cheese, Pepperoni",The Pepperoni Pizza
28,11,cali_ckn_m,1,2015-01-01,13:02:59,17,,M,Chicken,"Chicken, Artichoke, Spinach, Garlic, Jalapeno Peppers, Fontina Cheese, Gouda Cheese",The California Chicken Pizza
26,11,bbq_ckn_l,1,2015-01-01,13:02:59,21,,L,Chicken,"Barbecued Chicken, Red Peppers, Green Peppers, Tomatoes, Red Onions, Barbecue Sauce",The Barbecue Chicken Pizza
25,10,southw_ckn_l,1,2015-01-01,13:00:15,21,,L,Chicken,"Chicken, Tomatoes, Red Peppers, Red Onions, Jalapeno Peppers, Corn, Cilantro, Chipotle Sauce",The Southwest Chicken Pizza
24,10,mexicana_l,1,2015-01-01,13:00:15,20,,L,Veggie,"Tomatoes, Red Peppers, Jalapeno Peppers, Red Onions, Cilantro, Corn, Chipotle Sauce, Garlic",The Mexicana Pizza
22,9,spin_pesto_l,1,2015-01-01,12:52:01,21,,L,Veggie,"Spinach, Artichokes, Tomatoes, Sun-dried Tomatoes, Garlic, Pesto Sauce",The Spinach Pesto Pizza
17,9,ital_cpcllo_l,1,2015-01-01,12:52:01,21,,L,Classic,"Capocollo, Red Peppers, Tomatoes, Goat Cheese, Garlic, Oregano",The Italian Capocollo Pizza
19,9,ital_supr_s,1,2015-01-01,12:52:01,13,,S,Supreme,"Calabrese Salami, Capocollo, Tomatoes, Red Onions, Green Olives, Garlic",The Italian Supreme Pizza
15,9,classic_dlx_s,1,2015-01-01,12:52:01,12,,S,Classic,"Pepperoni, Mushrooms, Red Onions, Red Peppers, Bacon",The Classic Deluxe Pizza
21,9,spicy_ital_l,1,2015-01-01,12:52:01,21,,L,Supreme,"Capocollo, Tomatoes, Goat Cheese, Artichokes, Peperoncini verdi, Garlic",The Spicy Italian Pizza
23,9,veggie_veg_s,1,2015-01-01,12:52:01,12,,S,Veggie,"Mushrooms, Tomatoes, Red Peppers, Green Peppers, Red Onions, Zucchini, Spinach, Garlic",The Vegetables + Vegetables Pizza
20,9,mexicana_s,1,2015-01-01,12:52:01,12,,S,Veggie,"Tomatoes, Red Peppers, Jalapeno Peppers, Red Onions, Cilantro, Corn, Chipotle Sauce, Garlic",The Mexicana Pizza
18,9,ital_supr_l,1,2015-01-01,12:52:01,21,,L,Supreme,"Calabrese Salami, Capocollo, Tomatoes, Red Onions, Green Olives, Garlic",The Italian Supreme Pizza
16,9,green_garden_s,1,2015-01-01,12:52:01,12,,S,Veggie,"Spinach, Mushrooms, Tomatoes, Green Olives, Feta Cheese",The Green Garden Pizza
14,8,spinach_supr_s,1,2015-01-01,12:51:37,13,,S,Supreme,"Spinach, Red Onions, Pepperoni, Tomatoes, Artichokes, Kalamata Olives, Garlic, Asiago Cheese",The Spinach Supreme Pizza
13,7,spinach_supr_s,1,2015-01-01,12:50:37,13,,S,Supreme,"Spinach, Red Onions, Pepperoni, Tomatoes, Artichokes, Kalamata Olives, Garlic, Asiago Cheese",The Spinach Supreme Pizza
12,6,the_greek_s,1,2015-01-01,12:29:36,12,,S,Classic,"Kalamata Olives, Feta Cheese, Tomatoes, Garlic, Beef Chuck Roast, Red Onions",The Greek Pizza
11,6,bbq_ckn_s,1,2015-01-01,12:29:36,13,,S,Chicken,"Barbecued Chicken, Red Peppers, Green Peppers, Tomatoes, Red Onions, Barbecue Sauce",The Barbecue Chicken Pizza
10,5,ital_supr_m,1,2015-01-01,12:21:30,17,,M,Supreme,"Calabrese Salami, Capocollo, Tomatoes, Red Onions, Green Olives, Garlic",The Italian Supreme Pizza
9,4,ital_supr_m,1,2015-01-01,12:16:31,17,,M,Supreme,"Calabrese Salami, Capocollo, Tomatoes, Red Onions, Green Olives, Garlic",The Italian Supreme Pizza
8,3,prsc_argla_l,1,2015-01-01,12:12:28,21,,L,Supreme,"Prosciutto di San Daniele, Arugula, Mozzarella Cheese",The Prosciutto and Arugula Pizza
7,3,ital_supr_m,1,2015-01-01,12:12:28,17,,M,Supreme,"Calabrese Salami, Capocollo, Tomatoes, Red Onions, Green Olives, Garlic",The Italian Supreme Pizza
5,2,mexicana_m,1,2015-01-01,11:57:40,16,,M,Veggie,"Tomatoes, Red Peppers, Jalapeno Peppers, Red Onions, Cilantro, Corn, Chipotle Sauce, Garlic",The Mexicana Pizza
6,2,thai_ckn_l,1,2015-01-01,11:57:40,21,,L,Chicken,"Chicken, Pineapple, Tomatoes, Red Peppers, Thai Sweet Chilli Sauce",The Thai Chicken Pizza
3,2,five_cheese_l,1,2015-01-01,11:57:40,19,,L,Veggie,"Mozzarella Cheese, Provolone Cheese, Smoked Gouda Cheese, Romano Cheese, Blue Cheese, Garlic",The Five Cheese Pizza
4,2,ital_supr_l,1,2015-01-01,11:57:40,21,,L,Supreme,"Calabrese Salami, Capocollo, Tomatoes, Red Onions, Green Olives, Garlic",The Italian Supreme Pizza
2,2,classic_dlx_m,1,2015-01-01,11:57:40,16,,M,Classic,"Pepperoni, Mushrooms, Red Onions, Red Peppers, Bacon",The Classic Deluxe Pizza
1,1,hawaiian_m,1,2015-01-01,11:38:36,13,,M,Classic,"Sliced Ham, Pineapple, Mozzarella Cheese",The Hawaiian Pizza
